"","Company_Name","Dependent.Company.Status","Number.of.Co.founders","Number.of.of.advisors","Team.size.Senior.leadership","Number.of.of.repeat.investors","Focus.functions.of.company","Average.size.of.companies.worked.for.in.the.past","Product.or.service.company.","Focus.on.private.or.public.data.","Cloud.or.platform.based.serive.product.","Local.or.global.player","Worked.in.top.companies","Focus.on.consumer.data.","Crowdfunding.based.business","Machine.Learning.based.business"
"1","COMPANY1","SUCCESS",1,2,2,4,1e+52,"SMALL","SERVICE","PRIVATE","PLATFORM","GLOBAL","NO","NO","NO","NO"
"2","COMPANY2","SUCCESS",2,0,4,0,1e+64,"LARGE","PRODUCT","PUBLIC","PLATFORM","LOCAL","YES","YES","NO","YES"
"3","COMPANY3","SUCCESS",3,0,7,0,1e+52,"MEDIUM","BOTH","PRIVATE","CLOUD","LOCAL","YES","YES","NO","NO"
"4","COMPANY4","SUCCESS",2,0,4,0,1e+64,"LARGE","PRODUCT","PUBLIC","PLATFORM","LOCAL","NO","YES","NO","NO"
"5","COMPANY5","SUCCESS",1,1,8,0,1e+64,"SMALL","PRODUCT","PUBLIC","PLATFORM","LOCAL","NO","YES","NO","NO"
"6","COMPANY6","SUCCESS",4,0,4,2,1e+116,"MEDIUM","SERVICE","PUBLIC","PLATFORM","LOCAL","NO","YES","NO","NO"
"7","COMPANY7","SUCCESS",2,9,2,4,1e+39,"SMALL","BOTH","PUBLIC","PLATFORM","LOCAL","NO","YES","NO","NO"
"8","COMPANY8","SUCCESS",3,4,4,0,1e+105,"LARGE","BOTH","PRIVATE","PLATFORM","LOCAL","NO","NO","NO","NO"
"9","COMPANY9","SUCCESS",2,0,2,0,1e+64,"MEDIUM","PRODUCT","PUBLIC","PLATFORM","LOCAL","YES","YES","NO","NO"
"10","COMPANY10","SUCCESS",3,4,3,0,1e+39,"MEDIUM","PRODUCT","PUBLIC","PLATFORM","GLOBAL","YES","YES","NO","NO"
"11","COMPANY11","SUCCESS",2,1,8,0,1e+64,"SMALL","BOTH","PUBLIC","PLATFORM","GLOBAL","NO","YES","NO","NO"
"12","COMPANY12","SUCCESS",0,1,7,1,1e+52,"SMALL","PRODUCT","PRIVATE","PLATFORM","GLOBAL","NO","NO","NO","NO"
"13","COMPANY13","SUCCESS",0,1,8,1,1e+64,"MEDIUM","PRODUCT","PRIVATE","CLOUD","LOCAL","NO","YES","NO","NO"
"14","COMPANY14","SUCCESS",3,0,6,0,1e+08,"LARGE","PRODUCT","PUBLIC","CLOUD","GLOBAL","NO","YES","NO","NO"
"15","COMPANY15","SUCCESS",2,0,5,0,1e+64,"MEDIUM","PRODUCT","PUBLIC","PLATFORM","LOCAL","NO","YES","NO","YES"
"16","COMPANY16","SUCCESS",2,0,8,0,1e+89,"SMALL","BOTH","PUBLIC","PLATFORM","GLOBAL","NO","YES","NO","NO"
"17","COMPANY17","SUCCESS",1,0,7,2,1e+64,"SMALL","PRODUCT","PUBLIC","PLATFORM","LOCAL","NO","YES","NO","NO"
"18","COMPANY18","SUCCESS",3,0,8,2,1e+64,"SMALL","BOTH","BOTH","PLATFORM","GLOBAL","NO","YES","NO","YES"
"19","COMPANY19","SUCCESS",0,0,8,0,1e+13,"SMALL","BOTH","PUBLIC","PLATFORM","LOCAL","YES","YES","NO","YES"
"20","COMPANY20","SUCCESS",2,0,4,0,1e+64,"SMALL","PRODUCT","PRIVATE","CLOUD","LOCAL","NO","YES","NO","NO"
"21","COMPANY21","SUCCESS",2,0,5,0,1e+64,"MEDIUM","BOTH","PRIVATE","CLOUD","GLOBAL","YES","YES","NO","YES"
"22","COMPANY22","SUCCESS",2,0,4,0,1e+24,"MEDIUM","BOTH","PUBLIC","PLATFORM","GLOBAL","NO","NO","NO","YES"
"23","COMPANY23","SUCCESS",3,8,3,2,1e+64,"MEDIUM","SERVICE","PRIVATE","PLATFORM","GLOBAL","YES","YES","NO","NO"
"24","COMPANY24","SUCCESS",2,6,5,4,1e+11,"SMALL","SERVICE","BOTH","PLATFORM","GLOBAL","NO","NO","NO","NO"
"25","COMPANY25","SUCCESS",2,0,2,0,1e+106,"SMALL","SERVICE","PUBLIC","PLATFORM","LOCAL","NO","NO","NO","YES"
"26","COMPANY26","SUCCESS",2,1,3,0,100,"SMALL","SERVICE","PRIVATE","PLATFORM","GLOBAL","NO","YES","NO","NO"
"27","COMPANY27","SUCCESS",3,0,3,0,1e+12,"MEDIUM","SERVICE","PRIVATE","PLATFORM","GLOBAL","NO","NO","NO","NO"
"28","COMPANY28","SUCCESS",1,0,1,0,1e+24,"SMALL","SERVICE","PRIVATE","PLATFORM","GLOBAL","NO","NO","NO","YES"
"29","COMPANY29","SUCCESS",2,8,10,2,1e+12,"MEDIUM","SERVICE","PRIVATE","PLATFORM","LOCAL","NO","NO","NO","YES"
"30","COMPANY30","SUCCESS",2,0,2,0,1e+109,"SMALL","SERVICE","PRIVATE","PLATFORM","GLOBAL","NO","NO","NO","NO"
"31","COMPANY31","SUCCESS",4,0,4,0,1e+90,"SMALL","SERVICE","PRIVATE","PLATFORM","GLOBAL","NO","NO","NO","NO"
"32","COMPANY32","SUCCESS",2,0,7,3,1e+66,"LARGE","SERVICE","PRIVATE","PLATFORM","LOCAL","YES","NO","NO","YES"
"33","COMPANY33","SUCCESS",3,2,5,3,1e+116,"SMALL","PRODUCT","BOTH","PLATFORM","GLOBAL","NO","NO","NO","NO"
"34","COMPANY34","SUCCESS",3,0,4,0,1e+20,"MEDIUM","SERVICE","BOTH","PLATFORM","GLOBAL","NO","NO","NO","YES"
"35","COMPANY35","SUCCESS",1,0,6,1,1e+116,"MEDIUM","PRODUCT","PRIVATE","PLATFORM","GLOBAL","NO","NO","NO","YES"
"36","COMPANY36","SUCCESS",2,6,4,0,1e+64,"MEDIUM","SERVICE","PUBLIC","PLATFORM","GLOBAL","NO","YES","NO","YES"
"37","COMPANY37","SUCCESS",4,4,4,2,1e+87,"MEDIUM","SERVICE","PRIVATE","PLATFORM","GLOBAL","NO","YES","NO","NO"
"38","COMPANY38","SUCCESS",2,3,2,1,1e+52,"SMALL","PRODUCT","PRIVATE","PLATFORM","GLOBAL","NO","YES","NO","NO"
"39","COMPANY39","SUCCESS",2,0,4,4,1e+08,"MEDIUM","SERVICE","PRIVATE","PLATFORM","LOCAL","NO","YES","NO","NO"
"40","COMPANY40","SUCCESS",5,0,5,0,1e+116,"SMALL","SERVICE","PUBLIC","PLATFORM","GLOBAL","YES","YES","NO","NO"
"41","COMPANY41","SUCCESS",2,1,2,0,1e+64,"SMALL","SERVICE","PRIVATE","PLATFORM","LOCAL","NO","NO","NO","YES"
"42","COMPANY42","SUCCESS",2,9,3,0,1e+52,"SMALL","PRODUCT","PRIVATE","CLOUD","LOCAL","NO","YES","NO","YES"
"43","COMPANY43","SUCCESS",0,8,3,0,1e+52,"MEDIUM","SERVICE","PUBLIC","PLATFORM","GLOBAL","NO","NO","NO","YES"
"44","COMPANY44","SUCCESS",3,0,6,1,1e+35,"SMALL","PRODUCT","PRIVATE","CLOUD","GLOBAL","NO","YES","NO","NO"
"45","COMPANY45","SUCCESS",2,3,4,3,1e+116,"LARGE","PRODUCT","PUBLIC","PLATFORM","LOCAL","NO","NO","NO","NO"
"46","COMPANY46","SUCCESS",4,10,6,0,1e+08,"SMALL","PRODUCT","PRIVATE","CLOUD","GLOBAL","NO","YES","NO","NO"
"47","COMPANY47","SUCCESS",2,2,2,0,1e+08,"MEDIUM","PRODUCT","PRIVATE","PLATFORM","GLOBAL","NO","NO","NO","NO"
"48","COMPANY48","SUCCESS",2,13,14,0,1e+36,"MEDIUM","PRODUCT","PRIVATE","PLATFORM","GLOBAL","NO","YES","NO","NO"
"49","COMPANY49","SUCCESS",2,0,9,0,1e+52,"LARGE","SERVICE","PRIVATE","PLATFORM","GLOBAL","NO","YES","NO","NO"
"50","COMPANY50","FAILED",2,0,2,3,1e+64,"SMALL","PRODUCT","PRIVATE","CLOUD","LOCAL","YES","YES","NO","YES"
"51","COMPANY51","SUCCESS",2,1,3,2,1e+64,"MEDIUM","SERVICE","BOTH","CLOUD","GLOBAL","NO","NO","NO","NO"
"52","COMPANY52","SUCCESS",2,2,4,3,1e+64,"LARGE","BOTH","PRIVATE","PLATFORM","GLOBAL","YES","YES","NO","YES"
"53","COMPANY53","SUCCESS",3,5,7,4,1e+79,"LARGE","BOTH","PRIVATE","CLOUD","GLOBAL","NO","NO","NO","YES"
"54","COMPANY54","SUCCESS",4,3,8,5,1e+12,"MEDIUM","SERVICE","PRIVATE","PLATFORM","GLOBAL","NO","NO","NO","YES"
"55","COMPANY55","SUCCESS",1,3,4,2,1e+64,"MEDIUM","SERVICE","BOTH","PLATFORM","GLOBAL","NO","NO","NO","NO"
"56","COMPANY56","SUCCESS",2,2,3,1,1e+92,"MEDIUM","SERVICE","PRIVATE","CLOUD","GLOBAL","NO","NO","NO","NO"
"57","COMPANY57","SUCCESS",2,2,3,0,1e+64,"LARGE","PRODUCT","NO","PLATFORM","LOCAL","YES","NO","NO","NO"
"58","COMPANY58","SUCCESS",2,2,4,0,1e+64,"SMALL","PRODUCT","BOTH","PLATFORM","GLOBAL","YES","YES","NO","NO"
"59","COMPANY59","SUCCESS",2,0,2,0,1e+116,"SMALL","PRODUCT","BOTH","PLATFORM","LOCAL","NO","YES","NO","NO"
"60","COMPANY60","SUCCESS",2,0,2,0,1e+116,"MEDIUM","PRODUCT","NO","PLATFORM","LOCAL","NO","YES","NO","NO"
"61","COMPANY61","SUCCESS",2,0,2,2,1e+116,"LARGE","PRODUCT","BOTH","PLATFORM","GLOBAL","YES","NO","NO","NO"
"62","COMPANY62","SUCCESS",2,1,4,0,1e+116,"SMALL","SERVICE","BOTH","PLATFORM","GLOBAL","NO","NO","NO","NO"
"63","COMPANY63","SUCCESS",2,1,2,0,1e+35,"LARGE","SERVICE","NO","NONE","LOCAL","NO","NO","NO","NO"
"64","COMPANY64","SUCCESS",2,0,2,0,1e+83,"SMALL","PRODUCT","NO","PLATFORM","GLOBAL","NO","NO","NO","NO"
"65","COMPANY65","SUCCESS",2,0,2,0,1e+35,"LARGE","PRODUCT","NO","NONE","LOCAL","NO","NO","NO","NO"
"66","COMPANY66","SUCCESS",2,0,1,0,1e+14,"SMALL","SERVICE","NO","NONE","GLOBAL","NO","NO","NO","NO"
"67","COMPANY67","SUCCESS",4,1,5,0,1e+59,"SMALL","SERVICE","NO","PLATFORM","GLOBAL","NO","NO","NO","NO"
"68","COMPANY68","SUCCESS",2,0,2,0,1e+112,"MEDIUM","SERVICE","NO","PLATFORM","LOCAL","NO","YES","NO","NO"
"69","COMPANY69","SUCCESS",2,0,2,0,1e+08,"SMALL","PRODUCT","NO","PLATFORM","GLOBAL","NO","NO","NO","NO"
"70","COMPANY70","SUCCESS",4,0,4,0,1e+116,"SMALL","PRODUCT","BOTH","PLATFORM","GLOBAL","NO","YES","NO","NO"
"71","COMPANY71","SUCCESS",3,0,5,0,1e+116,"SMALL","SERVICE","NO","PLATFORM","GLOBAL","NO","YES","NO","NO"
"72","COMPANY72","SUCCESS",0,0,3,0,1e+116,"MEDIUM","PRODUCT","BOTH","PLATFORM","GLOBAL","NO","YES","NO","NO"
"73","COMPANY73","SUCCESS",3,0,3,0,1e+116,"LARGE","PRODUCT","BOTH","PLATFORM","GLOBAL","NO","YES","NO","NO"
"74","COMPANY74","SUCCESS",2,0,3,0,1e+15,"LARGE","PRODUCT","NO","PLATFORM","GLOBAL","NO","NO","NO","NO"
"75","COMPANY75","SUCCESS",2,0,3,0,1e+15,"SMALL","SERVICE","BOTH","PLATFORM","LOCAL","NO","NO","NO","NO"
"76","COMPANY76","SUCCESS",2,0,5,0,1e+15,"SMALL","PRODUCT","NO","PLATFORM","LOCAL","NO","YES","NO","NO"
"77","COMPANY77","SUCCESS",2,0,2,1,1e+08,"LARGE","SERVICE","PUBLIC","BOTH","LOCAL","NO","NO","NO","NO"
"78","COMPANY78","SUCCESS",4,0,3,0,1e+24,"LARGE","SERVICE","PUBLIC","BOTH","GLOBAL","NO","YES","NO","YES"
"79","COMPANY79","SUCCESS",3,0,3,0,1e+22,"MEDIUM","SERVICE","PUBLIC","NONE","GLOBAL","NO","YES","YES","YES"
"80","COMPANY80","SUCCESS",3,1,2,0,1e+52,"LARGE","PRODUCT","BOTH","NONE","GLOBAL","NO","NO","NO","YES"
"81","COMPANY81","SUCCESS",2,0,3,0,1e+64,"LARGE","SERVICE","PUBLIC","BOTH","GLOBAL","NO","NO","NO","YES"
"82","COMPANY82","SUCCESS",2,0,7,0,1e+49,"SMALL","PRODUCT","PRIVATE","BOTH","GLOBAL","NO","NO","NO","YES"
"83","COMPANY83","SUCCESS",5,2,5,0,1e+104,"SMALL","SERVICE","PUBLIC","BOTH","GLOBAL","NO","NO","YES","YES"
"84","COMPANY84","SUCCESS",2,0,2,0,1e+95,"SMALL","SERVICE","PUBLIC","BOTH","GLOBAL","NO","NO","NO","YES"
"85","COMPANY85","SUCCESS",4,0,2,0,1e+95,"SMALL","SERVICE","PUBLIC","BOTH","GLOBAL","NO","NO","NO","YES"
"86","COMPANY86","SUCCESS",2,0,1,0,1e+64,"LARGE","SERVICE","PUBLIC","BOTH","LOCAL","NO","NO","NO","YES"
"87","COMPANY87","SUCCESS",3,1,3,0,1e+113,"SMALL","SERVICE","PUBLIC","BOTH","LOCAL","NO","NO","NO","YES"
"88","COMPANY88","SUCCESS",2,3,5,0,1e+52,"MEDIUM","SERVICE","PUBLIC","BOTH","LOCAL","NO","NO","NO","NO"
"89","COMPANY89","SUCCESS",2,0,2,1,1e+73,"SMALL","SERVICE","PUBLIC","BOTH","LOCAL","NO","NO","NO","YES"
"90","COMPANY90","SUCCESS",2,0,4,0,1e+38,"SMALL","SERVICE","PUBLIC","BOTH","GLOBAL","NO","NO","NO","YES"
"91","COMPANY91","SUCCESS",0,0,6,0,1e+88,"SMALL","SERVICE","BOTH","BOTH","GLOBAL","YES","YES","NO","NO"
"92","COMPANY92","SUCCESS",0,0,12,0,1e+116,"LARGE","PRODUCT","BOTH","NONE","GLOBAL","NO","YES","NO","YES"
"93","COMPANY93","SUCCESS",3,2,8,0,1e+29,"SMALL","SERVICE","NO","CLOUD","LOCAL","NO","NO","NO","NO"
"94","COMPANY94","SUCCESS",2,2,12,0,1e+116,"LARGE","SERVICE","BOTH","PLATFORM","GLOBAL","YES","YES","NO","NO"
"95","COMPANY95","SUCCESS",0,0,2,0,1e+116,"LARGE","SERVICE","BOTH","PLATFORM","LOCAL","NO","YES","NO","NO"
"96","COMPANY96","SUCCESS",2,0,3,0,1e+64,"MEDIUM","PRODUCT","NO","PLATFORM","GLOBAL","NO","NO","NO","NO"
"97","COMPANY97","SUCCESS",3,1,3,0,1e+24,"SMALL","SERVICE","BOTH","NONE","GLOBAL","NO","YES","NO","NO"
"98","COMPANY98","SUCCESS",4,0,4,0,1e+35,"SMALL","SERVICE","BOTH","PLATFORM","LOCAL","NO","YES","NO","NO"
"99","COMPANY99","SUCCESS",2,0,2,0,1e+29,"SMALL","PRODUCT","BOTH","PLATFORM","LOCAL","NO","NO","NO","NO"
"100","COMPANY100","SUCCESS",2,0,4,0,1e+29,"MEDIUM","PRODUCT","BOTH","PLATFORM","LOCAL","NO","YES","NO","NO"
"101","COMPANY101","SUCCESS",2,0,4,2,1e+29,"MEDIUM","PRODUCT","NO","PLATFORM","LOCAL","NO","NO","NO","NO"
"102","COMPANY102","SUCCESS",3,0,3,0,1e+116,"SMALL","PRODUCT","BOTH","PLATFORM","GLOBAL","NO","YES","NO","NO"
"103","COMPANY103","SUCCESS",2,0,4,0,1e+31,"SMALL","PRODUCT","BOTH","PLATFORM","GLOBAL","NO","NO","NO","YES"
"104","COMPANY104","SUCCESS",1,0,1,0,1e+29,"MEDIUM","SERVICE","BOTH","PLATFORM","GLOBAL","NO","YES","NO","NO"
"105","COMPANY105","SUCCESS",0,1,7,0,1e+29,"MEDIUM","SERVICE","BOTH","CLOUD","LOCAL","NO","YES","NO","NO"
"106","COMPANY106","SUCCESS",1,0,2,0,1e+64,"SMALL","SERVICE","NO","CLOUD","LOCAL","NO","NO","NO","NO"
"107","COMPANY107","SUCCESS",3,2,5,1,1e+52,"SMALL","SERVICE","PRIVATE","CLOUD","GLOBAL","NO","YES","NO","NO"
"108","COMPANY108","SUCCESS",2,0,2,2,1e+64,"LARGE","SERVICE","PRIVATE","CLOUD","GLOBAL","YES","NO","NO","NO"
"109","COMPANY109","SUCCESS",1,0,3,0,1e+64,"SMALL","PRODUCT","PUBLIC","CLOUD","GLOBAL","NO","YES","NO","NO"
"110","COMPANY110","SUCCESS",0,0,3,0,1e+39,"SMALL","SERVICE","PUBLIC","CLOUD","LOCAL","NO","YES","NO","NO"
"111","COMPANY111","SUCCESS",2,1,5,0,1e+64,"MEDIUM","BOTH","PRIVATE","PLATFORM","LOCAL","NO","YES","NO","NO"
"112","COMPANY112","SUCCESS",3,4,4,0,1e+52,"LARGE","BOTH","PUBLIC","CLOUD","GLOBAL","NO","NO","NO","NO"
"113","COMPANY113","SUCCESS",0,0,3,0,1e+39,"SMALL","PRODUCT","BOTH","PLATFORM","LOCAL","NO","YES","NO","YES"
"114","COMPANY114","SUCCESS",0,0,4,0,1e+64,"LARGE","PRODUCT","PUBLIC","PLATFORM","LOCAL","YES","YES","NO","NO"
"115","COMPANY115","SUCCESS",1,2,4,0,1e+64,"LARGE","BOTH","PUBLIC","PLATFORM","GLOBAL","YES","YES","NO","NO"
"116","COMPANY116","SUCCESS",0,0,3,0,1e+52,"LARGE","PRODUCT","PUBLIC","PLATFORM","GLOBAL","YES","YES","NO","NO"
"117","COMPANY117","SUCCESS",0,4,4,0,1e+119,"SMALL","PRODUCT","BOTH","PLATFORM","LOCAL","NO","YES","NO","NO"
"118","COMPANY118","SUCCESS",3,0,4,0,1e+52,"MEDIUM","SERVICE","PRIVATE","PLATFORM","LOCAL","NO","NO","NO","NO"
"119","COMPANY119","SUCCESS",2,7,5,3,1e+105,"SMALL","BOTH","PRIVATE","CLOUD","GLOBAL","NO","NO","NO","NO"
"120","COMPANY120","SUCCESS",2,1,8,0,1e+64,"SMALL","PRODUCT","PUBLIC","PLATFORM","LOCAL","NO","YES","NO","NO"
"121","COMPANY121","SUCCESS",0,0,7,0,1e+64,"MEDIUM","PRODUCT","PRIVATE","PLATFORM","LOCAL","NO","YES","NO","NO"
"122","COMPANY122","SUCCESS",1,0,4,0,1e+64,"SMALL","PRODUCT","PRIVATE","PLATFORM","LOCAL","NO","YES","NO","YES"
"123","COMPANY123","SUCCESS",0,4,2,0,1e+27,"LARGE","PRODUCT","PUBLIC","CLOUD","GLOBAL","NO","YES","NO","NO"
"124","COMPANY124","SUCCESS",3,7,7,1,1e+39,"MEDIUM","PRODUCT","PUBLIC","PLATFORM","LOCAL","NO","YES","NO","NO"
"125","COMPANY125","SUCCESS",2,0,4,1,1e+52,"LARGE","PRODUCT","PRIVATE","CLOUD","LOCAL","YES","NO","NO","NO"
"126","COMPANY126","SUCCESS",5,0,6,0,1e+64,"LARGE","PRODUCT","BOTH","PLATFORM","GLOBAL","NO","YES","NO","YES"
"127","COMPANY127","SUCCESS",1,7,9,2,1e+64,"LARGE","PRODUCT","BOTH","CLOUD","LOCAL","NO","YES","NO","NO"
"128","COMPANY128","SUCCESS",2,0,3,0,1e+64,"MEDIUM","BOTH","PUBLIC","PLATFORM","LOCAL","NO","YES","NO","NO"
"129","COMPANY129","SUCCESS",1,0,5,0,1e+52,"SMALL","PRODUCT","BOTH","CLOUD","GLOBAL","NO","NO","NO","NO"
"130","COMPANY130","SUCCESS",0,0,10,0,1e+36,"LARGE","BOTH","BOTH","PLATFORM","LOCAL","NO","YES","NO","NO"
"131","COMPANY131","SUCCESS",0,0,6,3,1e+64,"SMALL","PRODUCT","BOTH","PLATFORM","GLOBAL","NO","YES","NO","NO"
"132","COMPANY132","SUCCESS",2,0,12,1,1e+63,"SMALL","PRODUCT","PRIVATE","CLOUD","GLOBAL","NO","YES","NO","NO"
"133","COMPANY133","SUCCESS",3,3,4,0,1e+35,"MEDIUM","PRODUCT","PUBLIC","PLATFORM","GLOBAL","NO","YES","NO","NO"
"134","COMPANY134","SUCCESS",1,0,8,0,1e+39,"SMALL","PRODUCT","PUBLIC","PLATFORM","LOCAL","NO","YES","NO","YES"
"135","COMPANY135","SUCCESS",1,0,1,0,1e+92,"SMALL","PRODUCT","PRIVATE","CLOUD","LOCAL","NO","NO","NO","NO"
"136","COMPANY136","FAILED",3,1,5,0,1e+64,"MEDIUM","BOTH","PRIVATE","PLATFORM","LOCAL","NO","YES","NO","NO"
"137","COMPANY137","FAILED",0,0,8,0,1e+118,"LARGE","PRODUCT","NO","PLATFORM","LOCAL","NO","NO","NO","NO"
"138","COMPANY138","FAILED",1,0,6,0,1e+70,"MEDIUM","PRODUCT","PUBLIC","PLATFORM","GLOBAL","YES","NO","NO","NO"
"139","COMPANY139","FAILED",3,0,5,0,1e+18,"SMALL","PRODUCT","PUBLIC","PLATFORM","GLOBAL","NO","YES","NO","YES"
"140","COMPANY140","FAILED",0,0,5,1,1000,"SMALL","SERVICE","PUBLIC","PLATFORM","LOCAL","NO","NO","NO","NO"
"141","COMPANY142","FAILED",0,0,5,0,1e+64,"SMALL","PRODUCT","NO","PLATFORM","GLOBAL","NO","NO","NO","NO"
"142","COMPANY143","FAILED",1,0,1,0,1e+52,"SMALL","PRODUCT","NO","PLATFORM","LOCAL","NO","NO","NO","NO"
"143","COMPANY145","FAILED",3,0,5,0,1e+19,"MEDIUM","PRODUCT","PUBLIC","CLOUD","LOCAL","NO","NO","NO","NO"
"144","COMPANY146","FAILED",0,0,1,0,1e+103,"SMALL","PRODUCT","PUBLIC","PLATFORM","GLOBAL","NO","YES","NO","NO"
"145","COMPANY148","FAILED",1,0,1,0,1e+64,"MEDIUM","SERVICE","PRIVATE","PLATFORM","GLOBAL","NO","NO","NO","NO"
"146","COMPANY149","SUCCESS",2,0,6,1,1e+100,"SMALL","SERVICE","PRIVATE","PLATFORM","LOCAL","NO","NO","NO","NO"
"147","COMPANY150","FAILED",1,0,1,0,1e+64,"SMALL","SERVICE","PRIVATE","PLATFORM","LOCAL","NO","NO","NO","NO"
"148","COMPANY151","FAILED",3,2,6,0,1e+89,"SMALL","SERVICE","PRIVATE","PLATFORM","LOCAL","NO","NO","NO","YES"
"149","COMPANY152","SUCCESS",3,2,4,1,1e+41,"SMALL","SERVICE","PUBLIC","PLATFORM","LOCAL","NO","YES","NO","NO"
"150","COMPANY153","FAILED",2,0,2,1,1e+64,"SMALL","SERVICE","PRIVATE","PLATFORM","GLOBAL","NO","NO","NO","NO"
"151","COMPANY154","FAILED",2,0,2,0,1000,"SMALL","SERVICE","PRIVATE","PLATFORM","GLOBAL","YES","NO","NO","NO"
"152","COMPANY155","SUCCESS",2,0,3,0,1e+64,"LARGE","SERVICE","PRIVATE","CLOUD","GLOBAL","NO","YES","NO","NO"
"153","COMPANY156","SUCCESS",3,6,11,4,1e+64,"MEDIUM","PRODUCT","PUBLIC","PLATFORM","GLOBAL","NO","YES","NO","NO"
"154","COMPANY157","SUCCESS",2,0,6,6,1e+12,"MEDIUM","PRODUCT","PRIVATE","BOTH","GLOBAL","NO","NO","NO","NO"
"155","COMPANY158","SUCCESS",2,0,3,0,1e+12,"SMALL","SERVICE","BOTH","PLATFORM","GLOBAL","NO","YES","NO","YES"
"156","COMPANY159","FAILED",2,1,2,0,1e+64,"SMALL","SERVICE","PRIVATE","PLATFORM","GLOBAL","YES","NO","NO","NO"
"157","COMPANY160","FAILED",2,0,3,0,1e+64,"MEDIUM","SERVICE","PUBLIC","PLATFORM","GLOBAL","NO","NO","NO","YES"
"158","COMPANY161","SUCCESS",1,6,5,0,1e+100,"MEDIUM","SERVICE","PRIVATE","PLATFORM","GLOBAL","NO","NO","NO","YES"
"159","COMPANY162","SUCCESS",4,1,4,4,1e+85,"SMALL","SERVICE","PRIVATE","PLATFORM","LOCAL","NO","NO","NO","NO"
"160","COMPANY163","SUCCESS",2,3,3,3,1e+12,"LARGE","PRODUCT","PRIVATE","BOTH","GLOBAL","NO","NO","NO","YES"
"161","COMPANY164","SUCCESS",2,0,2,0,1e+07,"SMALL","SERVICE","PRIVATE","PLATFORM","LOCAL","NO","YES","NO","NO"
"162","COMPANY165","SUCCESS",3,0,4,0,1.1e+97,"SMALL","SERVICE","PRIVATE","PLATFORM","LOCAL","NO","NO","NO","YES"
"163","COMPANY166","SUCCESS",2,0,6,3,1e+72,"LARGE","SERVICE","PRIVATE","PLATFORM","LOCAL","NO","YES","NO","NO"
"164","COMPANY167","SUCCESS",2,4,7,1,1e+82,"MEDIUM","SERVICE","PRIVATE","PLATFORM","GLOBAL","YES","NO","NO","YES"
"165","COMPANY168","SUCCESS",1,4,5,0,1e+101,"SMALL","SERVICE","PRIVATE","PLATFORM","GLOBAL","NO","NO","NO","NO"
"166","COMPANY169","SUCCESS",1,5,7,3,1e+20,"SMALL","SERVICE","PRIVATE","PLATFORM","GLOBAL","NO","NO","NO","YES"
"167","COMPANY170","FAILED",2,1,3,0,1e+64,"SMALL","SERVICE","PRIVATE","PLATFORM","GLOBAL","NO","NO","NO","NO"
"168","COMPANY171","SUCCESS",2,0,2,0,1e+77,"SMALL","SERVICE","PRIVATE","PLATFORM","GLOBAL","NO","NO","NO","YES"
"169","COMPANY172","FAILED",3,1,4,0,1e+94,"SMALL","PRODUCT","PRIVATE","PLATFORM","LOCAL","NO","NO","YES","NO"
"170","COMPANY173","SUCCESS",3,4,6,1,1e+80,"MEDIUM","PRODUCT","PRIVATE","PLATFORM","GLOBAL","NO","NO","NO","NO"
"171","COMPANY174","SUCCESS",1,6,7,0,1e+87,"MEDIUM","SERVICE","PRIVATE","PLATFORM","GLOBAL","NO","NO","NO","NO"
"172","COMPANY175","SUCCESS",2,0,3,0,1e+87,"LARGE","PRODUCT","PRIVATE","PLATFORM","GLOBAL","YES","NO","NO","YES"
"173","COMPANY176","SUCCESS",1,1,2,0,1e+32,"SMALL","SERVICE","PRIVATE","PLATFORM","LOCAL","NO","YES","NO","NO"
"174","COMPANY177","SUCCESS",2,2,1,2,1e+74,"LARGE","SERVICE","PRIVATE","PLATFORM","GLOBAL","YES","YES","NO","NO"
"175","COMPANY178","SUCCESS",3,3,8,2,1e+12,"LARGE","SERVICE","PRIVATE","PLATFORM","GLOBAL","YES","YES","NO","YES"
"176","COMPANY179","SUCCESS",2,2,3,2,1e+08,"SMALL","SERVICE","PRIVATE","PLATFORM","GLOBAL","NO","YES","NO","NO"
"177","COMPANY180","SUCCESS",2,5,2,10,1e+08,"MEDIUM","SERVICE","PRIVATE","PLATFORM","GLOBAL","YES","YES","NO","NO"
"178","COMPANY181","SUCCESS",2,6,4,0,1e+52,"MEDIUM","SERVICE","PRIVATE","CLOUD","GLOBAL","NO","YES","NO","NO"
"179","COMPANY182","SUCCESS",3,0,3,0,1e+12,"MEDIUM","PRODUCT","PRIVATE","PLATFORM","GLOBAL","YES","YES","NO","NO"
"180","COMPANY183","SUCCESS",2,0,2,0,1e+23,"SMALL","SERVICE","PRIVATE","PLATFORM","GLOBAL","NO","YES","NO","NO"
"181","COMPANY184","SUCCESS",3,0,3,0,1e+64,"MEDIUM","SERVICE","PRIVATE","PLATFORM","GLOBAL","NO","YES","YES","YES"
"182","COMPANY185","SUCCESS",2,4,3,5,1e+52,"SMALL","PRODUCT","PRIVATE","CLOUD","GLOBAL","NO","YES","NO","NO"
"183","COMPANY186","SUCCESS",3,9,9,0,1e+52,"SMALL","PRODUCT","PRIVATE","PLATFORM","LOCAL","NO","YES","NO","NO"
"184","COMPANY187","SUCCESS",0,1,4,0,1e+64,"SMALL","SERVICE","PUBLIC","CLOUD","LOCAL","NO","NO","NO","NO"
"185","COMPANY188","SUCCESS",2,0,2,1,1e+52,"SMALL","SERVICE","PRIVATE","PLATFORM","LOCAL","NO","YES","NO","YES"
"186","COMPANY189","SUCCESS",2,1,4,0,1e+52,"MEDIUM","PRODUCT","PUBLIC","CLOUD","LOCAL","NO","YES","NO","NO"
"187","COMPANY190","SUCCESS",2,2,5,2,1e+52,"MEDIUM","PRODUCT","PRIVATE","CLOUD","GLOBAL","YES","YES","NO","NO"
"188","COMPANY191","SUCCESS",1,4,6,1,1e+08,"LARGE","PRODUCT","PRIVATE","PLATFORM","GLOBAL","YES","YES","NO","NO"
"189","COMPANY192","SUCCESS",2,0,2,1,1e+64,"MEDIUM","PRODUCT","PRIVATE","PLATFORM","GLOBAL","NO","YES","NO","NO"
"190","COMPANY193","SUCCESS",2,8,2,1,1e+64,"MEDIUM","SERVICE","PRIVATE","CLOUD","GLOBAL","NO","YES","NO","NO"
"191","COMPANY194","SUCCESS",2,6,4,3,1e+08,"MEDIUM","PRODUCT","PRIVATE","PLATFORM","GLOBAL","NO","YES","NO","NO"
"192","COMPANY195","SUCCESS",2,6,6,0,1e+12,"MEDIUM","SERVICE","PRIVATE","PLATFORM","GLOBAL","NO","YES","NO","NO"
"193","COMPANY196","SUCCESS",1,11,6,2,1e+98,"LARGE","PRODUCT","PRIVATE","PLATFORM","GLOBAL","NO","YES","NO","NO"
"194","COMPANY197","SUCCESS",2,2,3,3,1e+52,"MEDIUM","PRODUCT","PRIVATE","CLOUD","GLOBAL","NO","NO","NO","NO"
"195","COMPANY198","SUCCESS",2,2,2,3,1e+08,"MEDIUM","SERVICE","PRIVATE","PLATFORM","GLOBAL","YES","YES","NO","YES"
"196","COMPANY199","SUCCESS",2,1,2,1,1e+64,"MEDIUM","SERVICE","PRIVATE","CLOUD","GLOBAL","YES","YES","NO","NO"
"197","COMPANY200","SUCCESS",2,0,6,3,1e+08,"MEDIUM","PRODUCT","PRIVATE","CLOUD","GLOBAL","YES","NO","NO","NO"
"198","COMPANY201","SUCCESS",2,1,10,6,1e+08,"MEDIUM","PRODUCT","PRIVATE","PLATFORM","GLOBAL","YES","YES","NO","YES"
"199","COMPANY202","SUCCESS",2,0,2,0,1e+52,"SMALL","PRODUCT","PRIVATE","CLOUD","GLOBAL","NO","YES","NO","YES"
"200","COMPANY203","SUCCESS",2,6,6,0,1e+52,"MEDIUM","PRODUCT","PRIVATE","CLOUD","LOCAL","NO","YES","NO","YES"
"201","COMPANY204","SUCCESS",0,0,5,0,1e+35,"MEDIUM","PRODUCT","PRIVATE","CLOUD","LOCAL","NO","YES","NO","NO"
"202","COMPANY205","SUCCESS",2,3,5,0,1e+64,"MEDIUM","SERVICE","PRIVATE","CLOUD","GLOBAL","YES","YES","NO","NO"
"203","COMPANY206","SUCCESS",2,3,4,2,1e+08,"MEDIUM","PRODUCT","PRIVATE","PLATFORM","GLOBAL","YES","YES","NO","NO"
"204","COMPANY207","SUCCESS",2,4,3,1,1e+08,"LARGE","SERVICE","PRIVATE","PLATFORM","GLOBAL","YES","YES","NO","NO"
"205","COMPANY208","SUCCESS",1,1,7,0,1e+52,"SMALL","PRODUCT","PRIVATE","PLATFORM","GLOBAL","YES","YES","NO","NO"
"206","COMPANY209","SUCCESS",2,2,4,4,1e+23,"MEDIUM","SERVICE","PRIVATE","PLATFORM","LOCAL","YES","YES","NO","YES"
"207","COMPANY210","SUCCESS",1,0,5,0,1e+52,"MEDIUM","PRODUCT","PRIVATE","PLATFORM","GLOBAL","YES","YES","NO","NO"
"208","COMPANY211","SUCCESS",1,0,6,2,1e+52,"SMALL","PRODUCT","PRIVATE","PLATFORM","LOCAL","YES","YES","NO","NO"
"209","COMPANY212","SUCCESS",0,0,8,0,1e+52,"LARGE","SERVICE","PRIVATE","PLATFORM","GLOBAL","YES","YES","NO","NO"
"210","COMPANY213","SUCCESS",1,0,4,0,1e+12,"SMALL","SERVICE","PRIVATE","PLATFORM","GLOBAL","NO","YES","NO","NO"
"211","COMPANY214","SUCCESS",4,2,7,2,1e+08,"MEDIUM","SERVICE","PRIVATE","PLATFORM","GLOBAL","YES","YES","NO","NO"
"212","COMPANY215","SUCCESS",1,0,1,0,1e+64,"MEDIUM","PRODUCT","PRIVATE","PLATFORM","LOCAL","NO","YES","NO","NO"
"213","COMPANY216","SUCCESS",2,1,2,0,1e+64,"SMALL","SERVICE","PRIVATE","PLATFORM","GLOBAL","YES","YES","NO","NO"
"214","COMPANY217","SUCCESS",2,1,2,0,1e+64,"LARGE","SERVICE","PRIVATE","PLATFORM","GLOBAL","NO","NO","NO","NO"
"215","COMPANY218","SUCCESS",1,10,7,0,1e+52,"MEDIUM","PRODUCT","PRIVATE","CLOUD","GLOBAL","YES","YES","NO","NO"
"216","COMPANY219","SUCCESS",0,0,5,3,1e+52,"MEDIUM","PRODUCT","PRIVATE","CLOUD","GLOBAL","NO","YES","NO","NO"
"217","COMPANY220","SUCCESS",3,0,9,0,1e+64,"LARGE","SERVICE","PRIVATE","PLATFORM","GLOBAL","YES","YES","NO","NO"
"218","COMPANY221","SUCCESS",2,0,5,0,1e+52,"MEDIUM","SERVICE","PRIVATE","PLATFORM","GLOBAL","NO","YES","NO","NO"
"219","COMPANY222","SUCCESS",3,0,8,0,1e+52,"MEDIUM","SERVICE","PRIVATE","PLATFORM","GLOBAL","YES","YES","NO","NO"
"220","COMPANY223","SUCCESS",0,0,3,0,1e+75,"SMALL","PRODUCT","PRIVATE","CLOUD","LOCAL","YES","NO","NO","YES"
"221","COMPANY224","FAILED",2,0,3,0,1e+52,"SMALL","PRODUCT","PRIVATE","CLOUD","GLOBAL","NO","YES","NO","YES"
"222","COMPANY225","FAILED",0,1,2,0,1e+52,"SMALL","PRODUCT","PRIVATE","PLATFORM","LOCAL","NO","YES","NO","YES"
"223","COMPANY226","SUCCESS",2,3,4,1,1e+52,"SMALL","PRODUCT","PRIVATE","CLOUD","LOCAL","YES","YES","NO","NO"
"224","COMPANY227","FAILED",2,1,2,3,1e+35,"SMALL","PRODUCT","PRIVATE","PLATFORM","LOCAL","NO","YES","NO","YES"
"225","COMPANY228","FAILED",1,3,2,1,1e+52,"MEDIUM","SERVICE","PRIVATE","CLOUD","LOCAL","NO","YES","NO","NO"
"226","COMPANY229","SUCCESS",2,1,2,0,1e+52,"SMALL","SERVICE","PRIVATE","BOTH","GLOBAL","YES","NO","NO","YES"
"227","COMPANY230","SUCCESS",2,0,3,0,1e+101,"MEDIUM","SERVICE","BOTH","PLATFORM","GLOBAL","NO","NO","NO","YES"
"228","COMPANY231","SUCCESS",2,0,2,0,1e+64,"LARGE","SERVICE","PRIVATE","PLATFORM","GLOBAL","NO","NO","NO","YES"
"229","COMPANY232","SUCCESS",3,2,3,1,1e+64,"SMALL","BOTH","PRIVATE","CLOUD","GLOBAL","NO","YES","NO","NO"
"230","COMPANY234","SUCCESS",3,3,6,2,1e+52,"SMALL","PRODUCT","PRIVATE","CLOUD","GLOBAL","NO","YES","NO","NO"
"231","COMPANY235","SUCCESS",5,5,10,2,1e+101,"LARGE","SERVICE","PRIVATE","CLOUD","GLOBAL","NO","NO","NO","YES"
"232","COMPANY236","SUCCESS",3,0,3,0,1e+64,"SMALL","SERVICE","PRIVATE","PLATFORM","LOCAL","NO","NO","NO","NO"
"233","COMPANY237","FAILED",1,2,3,0,1.001e+64,"MEDIUM","SERVICE","PUBLIC","PLATFORM","GLOBAL","YES","NO","NO","NO"
"234","COMPANY238","SUCCESS",4,0,6,0,1e+05,"MEDIUM","SERVICE","PUBLIC","PLATFORM","GLOBAL","YES","YES","NO","NO"
"235","COMPANY239","SUCCESS",2,0,2,0,1e+64,"LARGE","BOTH","PUBLIC","PLATFORM","GLOBAL","NO","YES","NO","YES"
"236","COMPANY240","SUCCESS",4,8,8,4,1e+64,"MEDIUM","SERVICE","PRIVATE","CLOUD","GLOBAL","NO","NO","NO","NO"
"237","COMPANY241","FAILED",2,0,2,0,1e+102,"SMALL","SERVICE","PUBLIC","PLATFORM","LOCAL","NO","NO","NO","NO"
"238","COMPANY242","SUCCESS",2,0,2,0,1e+54,"LARGE","PRODUCT","BOTH","PLATFORM","LOCAL","NO","YES","NO","NO"
"239","COMPANY243","SUCCESS",2,0,3,2,1e+116,"MEDIUM","PRODUCT","BOTH","PLATFORM","GLOBAL","NO","NO","NO","NO"
"240","COMPANY244","SUCCESS",1,1,10,1,1e+116,"LARGE","SERVICE","BOTH","PLATFORM","GLOBAL","NO","NO","NO","NO"
"241","COMPANY245","SUCCESS",2,0,2,0,1e+31,"SMALL","SERVICE","NO","NONE","GLOBAL","NO","NO","NO","NO"
"242","COMPANY246","SUCCESS",2,0,1,0,1e+24,"MEDIUM","PRODUCT","NO","PLATFORM","LOCAL","NO","NO","NO","NO"
"243","COMPANY247","SUCCESS",2,0,3,0,1e+83,"MEDIUM","SERVICE","NO","PLATFORM","LOCAL","NO","NO","NO","NO"
"244","COMPANY248","SUCCESS",5,0,8,0,1e+29,"MEDIUM","SERVICE","BOTH","PLATFORM","GLOBAL","NO","YES","NO","NO"
"245","COMPANY249","SUCCESS",2,0,5,0,1e+116,"MEDIUM","PRODUCT","PUBLIC","BOTH","GLOBAL","NO","NO","NO","YES"
"246","COMPANY250","SUCCESS",0,1,1,0,1e+48,"MEDIUM","SERVICE","BOTH","BOTH","GLOBAL","NO","YES","NO","YES"
"247","COMPANY251","SUCCESS",2,0,2,0,1e+26,"SMALL","SERVICE","PUBLIC","BOTH","GLOBAL","NO","YES","NO","YES"
"248","COMPANY252","SUCCESS",4,0,1,2,1e+24,"SMALL","PRODUCT","PUBLIC","BOTH","GLOBAL","NO","NO","NO","NO"
"249","COMPANY253","SUCCESS",3,0,3,0,1e+40,"SMALL","PRODUCT","PUBLIC","BOTH","GLOBAL","NO","NO","NO","YES"
"250","COMPANY254","SUCCESS",2,0,5,0,1e+64,"MEDIUM","PRODUCT","BOTH","BOTH","GLOBAL","NO","NO","NO","YES"
"251","COMPANY255","SUCCESS",3,3,3,0,1e+93,"MEDIUM","PRODUCT","BOTH","BOTH","GLOBAL","NO","NO","NO","YES"
"252","COMPANY256","SUCCESS",2,1,1,0,1e+08,"SMALL","PRODUCT","PUBLIC","BOTH","GLOBAL","NO","NO","YES","YES"
"253","COMPANY257","SUCCESS",3,0,1,0,1e+69,"SMALL","SERVICE","PUBLIC","BOTH","GLOBAL","NO","NO","NO","YES"
"254","COMPANY258","SUCCESS",3,0,1,0,10000,"MEDIUM","SERVICE","PUBLIC","BOTH","GLOBAL","NO","NO","NO","YES"
"255","COMPANY259","SUCCESS",0,0,4,0,1e+52,"LARGE","SERVICE","PRIVATE","BOTH","LOCAL","NO","YES","NO","NO"
"256","COMPANY260","SUCCESS",1,0,2,0,1e+50,"SMALL","SERVICE","PUBLIC","BOTH","LOCAL","NO","NO","NO","YES"
"257","COMPANY261","SUCCESS",2,0,6,0,1e+64,"SMALL","SERVICE","NO","PLATFORM","LOCAL","NO","NO","NO","YES"
"258","COMPANY262","SUCCESS",1,1,9,1,1e+15,"SMALL","SERVICE","PUBLIC","BOTH","GLOBAL","NO","NO","NO","NO"
"259","COMPANY263","FAILED",1,2,1,0,1000,"SMALL","PRODUCT","NO","PLATFORM","GLOBAL","NO","NO","NO","NO"
"260","COMPANY264","FAILED",3,0,5,0,1e+100,"MEDIUM","PRODUCT","NO","PLATFORM","LOCAL","NO","NO","NO","NO"
"261","COMPANY265","SUCCESS",2,1,3,0,1e+55,"SMALL","PRODUCT","NO","PLATFORM","LOCAL","NO","NO","NO","NO"
"262","COMPANY266","SUCCESS",1,0,5,0,10,"SMALL","PRODUCT","NO","PLATFORM","LOCAL","NO","NO","NO","NO"
"263","COMPANY267","FAILED",0,0,2,0,1e+100,"SMALL","PRODUCT","NO","PLATFORM","LOCAL","NO","NO","NO","NO"
"264","COMPANY268","FAILED",1,0,3,0,1e+100,"SMALL","SERVICE","NO","PLATFORM","LOCAL","NO","NO","NO","NO"
"265","COMPANY270","FAILED",2,0,2,0,1e+19,"SMALL","PRODUCT","NO","PLATFORM","LOCAL","NO","NO","NO","NO"
"266","COMPANY271","FAILED",3,0,3,0,1000,"LARGE","SERVICE","BOTH","PLATFORM","LOCAL","NO","NO","NO","NO"
"267","COMPANY272","FAILED",3,0,3,0,1e+55,"SMALL","SERVICE","NO","PLATFORM","LOCAL","NO","NO","NO","NO"
"268","COMPANY273","FAILED",1,0,1,0,1e+15,"SMALL","PRODUCT","NO","PLATFORM","LOCAL","NO","NO","NO","NO"
"269","COMPANY274","FAILED",4,0,4,0,1000,"SMALL","SERVICE","NO","PLATFORM","GLOBAL","NO","NO","NO","NO"
"270","COMPANY275","FAILED",2,0,2,0,1e+117,"LARGE","SERVICE","NO","PLATFORM","LOCAL","YES","NO","NO","NO"
"271","COMPANY276","FAILED",2,0,2,0,1e+64,"SMALL","PRODUCT","NO","PLATFORM","LOCAL","NO","NO","NO","NO"
"272","COMPANY277","FAILED",1,0,1,0,1e+77,"SMALL","PRODUCT","NO","PLATFORM","LOCAL","NO","NO","NO","NO"
"273","COMPANY278","FAILED",1,1,1,0,1e+15,"LARGE","PRODUCT","NO","PLATFORM","LOCAL","NO","NO","NO","NO"
"274","COMPANY279","FAILED",2,0,2,0,1e+15,"SMALL","SERVICE","NO","PLATFORM","LOCAL","NO","NO","NO","NO"
"275","COMPANY280","FAILED",2,0,2,0,1e+34,"SMALL","SERVICE","NO","PLATFORM","GLOBAL","NO","NO","NO","NO"
"276","COMPANY281","FAILED",3,0,4,0,1e+52,"SMALL","SERVICE","NO","PLATFORM","LOCAL","NO","NO","NO","NO"
"277","COMPANY283","FAILED",3,0,3,0,1e+52,"LARGE","SERVICE","NO","PLATFORM","LOCAL","NO","NO","NO","NO"
"278","COMPANY284","FAILED",1,0,3,1,1e+35,"SMALL","PRODUCT","NO","PLATFORM","LOCAL","NO","NO","NO","NO"
"279","COMPANY285","FAILED",1,0,3,1,1e+52,"MEDIUM","SERVICE","NO","PLATFORM","GLOBAL","NO","NO","NO","NO"
"280","COMPANY286","FAILED",1,0,1,0,1e+80,"SMALL","PRODUCT","NO","PLATFORM","LOCAL","NO","NO","NO","NO"
"281","COMPANY287","FAILED",2,0,2,0,1e+117,"SMALL","PRODUCT","NO","PLATFORM","LOCAL","NO","NO","NO","NO"
"282","COMPANY288","FAILED",5,0,5,0,1e+77,"SMALL","PRODUCT","NO","PLATFORM","GLOBAL","NO","NO","NO","NO"
"283","COMPANY289","FAILED",1,0,2,0,1e+15,"SMALL","SERVICE","NO","PLATFORM","GLOBAL","NO","NO","NO","NO"
"284","COMPANY290","FAILED",4,0,4,0,1e+35,"SMALL","SERVICE","NO","PLATFORM","LOCAL","NO","NO","NO","NO"
"285","COMPANY291","FAILED",3,1,3,0,1e+52,"MEDIUM","SERVICE","NO","PLATFORM","LOCAL","NO","NO","NO","NO"
"286","COMPANY292","FAILED",3,2,2,0,1e+52,"MEDIUM","SERVICE","NO","PLATFORM","LOCAL","NO","NO","NO","NO"
"287","COMPANY293","FAILED",2,0,2,0,1e+52,"LARGE","SERVICE","NO","PLATFORM","LOCAL","NO","NO","NO","NO"
"288","COMPANY294","FAILED",1,0,1,0,1e+52,"LARGE","SERVICE","NO","PLATFORM","LOCAL","NO","NO","NO","NO"
"289","COMPANY295","FAILED",2,2,2,0,1e+117,"MEDIUM","SERVICE","NO","PLATFORM","LOCAL","NO","NO","NO","NO"
"290","COMPANY296","FAILED",2,0,2,0,1e+117,"MEDIUM","SERVICE","NO","PLATFORM","LOCAL","NO","NO","NO","NO"
"291","COMPANY297","FAILED",1,1,2,0,1e+103,"MEDIUM","PRODUCT","NO","PLATFORM","LOCAL","NO","NO","NO","NO"
"292","COMPANY298","FAILED",2,0,3,0,1e+53,"LARGE","SERVICE","NO","PLATFORM","LOCAL","NO","NO","NO","NO"
"293","COMPANY299","SUCCESS",2,0,2,0,1e+62,"LARGE","PRODUCT","NO","PLATFORM","LOCAL","NO","NO","NO","NO"
"294","COMPANY300","SUCCESS",2,0,2,0,1e+35,"SMALL","SERVICE","PUBLIC","BOTH","LOCAL","NO","NO","NO","NO"
"295","COMPANY301","SUCCESS",3,0,3,1,1e+107,"MEDIUM","SERVICE","PUBLIC","BOTH","LOCAL","NO","NO","NO","NO"
"296","COMPANY302","SUCCESS",7,0,3,1,1e+35,"SMALL","SERVICE","PUBLIC","BOTH","GLOBAL","NO","NO","YES","YES"
"297","COMPANY303","SUCCESS",2,0,2,0,1e+52,"MEDIUM","SERVICE","NO","NONE","GLOBAL","NO","NO","YES","YES"
"298","COMPANY304","SUCCESS",3,1,5,0,1e+25,"MEDIUM","SERVICE","PUBLIC","BOTH","GLOBAL","NO","NO","YES","NO"
"299","COMPANY305","SUCCESS",2,0,3,0,1e+64,"MEDIUM","SERVICE","PUBLIC","BOTH","GLOBAL","NO","NO","YES","NO"
"300","COMPANY306","SUCCESS",4,3,8,4,1e+116,"SMALL","SERVICE","PUBLIC","PLATFORM","LOCAL","NO","NO","YES","YES"
"301","COMPANY307","SUCCESS",4,0,7,0,1e+52,"MEDIUM","SERVICE","PUBLIC","BOTH","GLOBAL","YES","NO","YES","YES"
"302","COMPANY308","SUCCESS",2,0,4,1,1e+78,"MEDIUM","PRODUCT","PUBLIC","BOTH","GLOBAL","NO","NO","YES","YES"
"303","COMPANY309","SUCCESS",3,0,8,0,1e+21,"MEDIUM","SERVICE","PUBLIC","BOTH","GLOBAL","NO","YES","NO","NO"
"304","COMPANY310","SUCCESS",2,1,6,3,1e+64,"MEDIUM","PRODUCT","BOTH","NONE","GLOBAL","NO","YES","YES","YES"
"305","COMPANY311","SUCCESS",3,1,5,1,1e+52,"MEDIUM","PRODUCT","BOTH","NONE","GLOBAL","NO","YES","YES","YES"
"306","COMPANY312","SUCCESS",1,0,1,0,1e+19,"MEDIUM","PRODUCT","PUBLIC","NONE","GLOBAL","YES","NO","YES","NO"
"307","COMPANY313","SUCCESS",1,6,2,0,0,"MEDIUM","PRODUCT","PUBLIC","BOTH","GLOBAL","NO","NO","NO","NO"
"308","COMPANY314","SUCCESS",2,0,4,1,1e+42,"MEDIUM","SERVICE","BOTH","NONE","LOCAL","NO","NO","YES","YES"
"309","COMPANY315","SUCCESS",2,0,6,0,1e+76,"SMALL","SERVICE","PUBLIC","BOTH","GLOBAL","NO","NO","YES","YES"
"310","COMPANY316","SUCCESS",2,1,6,2,0,"SMALL","SERVICE","PUBLIC","BOTH","GLOBAL","YES","NO","NO","YES"
"311","COMPANY317","SUCCESS",2,3,7,0,1e+76,"SMALL","SERVICE","PUBLIC","PLATFORM","GLOBAL","NO","NO","NO","NO"
"312","COMPANY318","SUCCESS",1,0,1,0,1e+57,"SMALL","SERVICE","PUBLIC","BOTH","GLOBAL","NO","NO","NO","YES"
"313","COMPANY319","SUCCESS",1,0,2,0,1e+68,"MEDIUM","SERVICE","PUBLIC","BOTH","GLOBAL","NO","NO","NO","YES"
"314","COMPANY320","SUCCESS",3,1,6,1,1e+17,"MEDIUM","SERVICE","BOTH","PLATFORM","GLOBAL","NO","NO","NO","NO"
"315","COMPANY321","SUCCESS",3,1,5,1,1e+91,"MEDIUM","SERVICE","PUBLIC","BOTH","GLOBAL","YES","NO","NO","NO"
"316","COMPANY322","SUCCESS",2,2,5,1,1e+71,"SMALL","PRODUCT","PUBLIC","NONE","GLOBAL","YES","NO","NO","NO"
"317","COMPANY323","FAILED",2,1,2,0,1e+116,"MEDIUM","SERVICE","PUBLIC","BOTH","LOCAL","NO","NO","NO","NO"
"318","COMPANY324","SUCCESS",2,0,4,0,1e+78,"SMALL","PRODUCT","NO","PLATFORM","GLOBAL","NO","NO","NO","NO"
"319","COMPANY325","SUCCESS",1,2,11,0,1e+116,"SMALL","PRODUCT","PUBLIC","NONE","GLOBAL","NO","NO","YES","YES"
"320","COMPANY326","SUCCESS",3,1,3,2,1e+64,"SMALL","PRODUCT","BOTH","BOTH","GLOBAL","NO","NO","NO","YES"
"321","COMPANY328","FAILED",2,1,8,2,1e+08,"SMALL","SERVICE","PUBLIC","BOTH","LOCAL","NO","NO","NO","NO"
"322","COMPANY330","SUCCESS",1,0,1,0,1e+116,"SMALL","PRODUCT","PUBLIC","NONE","GLOBAL","NO","NO","NO","NO"
"323","COMPANY331","SUCCESS",3,1,3,0,1e+64,"SMALL","SERVICE","PUBLIC","NONE","LOCAL","NO","NO","NO","YES"
"324","COMPANY332","SUCCESS",2,0,4,1,1e+64,"MEDIUM","SERVICE","BOTH","NONE","GLOBAL","NO","NO","NO","YES"
"325","COMPANY333","FAILED",1,0,1,1,1e+56,"SMALL","SERVICE","PUBLIC","BOTH","GLOBAL","NO","NO","NO","NO"
"326","COMPANY334","SUCCESS",1,0,3,1,1e+45,"LARGE","SERVICE","PUBLIC","NONE","GLOBAL","YES","NO","NO","YES"
"327","COMPANY335","SUCCESS",2,0,6,1,1e+09,"MEDIUM","PRODUCT","PUBLIC","NONE","GLOBAL","NO","NO","NO","YES"
"328","COMPANY336","SUCCESS",3,0,3,1,1e+67,"SMALL","PRODUCT","PUBLIC","NONE","GLOBAL","NO","NO","NO","YES"
"329","COMPANY337","SUCCESS",1,0,2,1,1e+111,"MEDIUM","SERVICE","NO","PLATFORM","GLOBAL","NO","NO","NO","NO"
"330","COMPANY338","FAILED",2,0,2,0,1e+80,"SMALL","PRODUCT","PRIVATE","NONE","GLOBAL","NO","NO","NO","YES"
"331","COMPANY339","SUCCESS",1,0,2,0,1e+60,"SMALL","PRODUCT","PUBLIC","NONE","LOCAL","NO","NO","NO","YES"
"332","COMPANY340","FAILED",1,0,1,1,1e+64,"SMALL","PRODUCT","PUBLIC","BOTH","LOCAL","NO","NO","NO","NO"
"333","COMPANY341","SUCCESS",4,0,5,0,1e+64,"SMALL","PRODUCT","PUBLIC","BOTH","GLOBAL","NO","NO","NO","YES"
"334","COMPANY342","SUCCESS",0,0,1,0,1e+64,"SMALL","PRODUCT","PUBLIC","NONE","GLOBAL","YES","NO","NO","NO"
"335","COMPANY343","FAILED",2,0,2,0,1e+46,"SMALL","PRODUCT","PUBLIC","BOTH","GLOBAL","NO","NO","NO","YES"
"336","COMPANY344","SUCCESS",3,3,4,0,1e+116,"MEDIUM","PRODUCT","PUBLIC","PLATFORM","GLOBAL","NO","YES","NO","NO"
"337","COMPANY345","FAILED",1,0,1,0,1e+39,"SMALL","PRODUCT","NO","PLATFORM","LOCAL","NO","NO","NO","NO"
"338","COMPANY346","SUCCESS",2,0,2,0,1e+35,"SMALL","SERVICE","PRIVATE","PLATFORM","GLOBAL","NO","YES","NO","NO"
"339","COMPANY347","SUCCESS",2,0,2,0,1e+64,"LARGE","PRODUCT","NO","NONE","GLOBAL","NO","NO","NO","NO"
"340","COMPANY348","SUCCESS",3,0,3,0,1e+35,"MEDIUM","PRODUCT","NO","PLATFORM","GLOBAL","NO","NO","NO","NO"
"341","COMPANY349","SUCCESS",1,0,7,0,1e+29,"LARGE","PRODUCT","NO","PLATFORM","GLOBAL","NO","NO","NO","NO"
"342","COMPANY350","SUCCESS",3,0,3,0,0,"MEDIUM","PRODUCT","NO","PLATFORM","LOCAL","NO","NO","NO","NO"
"343","COMPANY351","SUCCESS",2,0,2,0,1e+29,"SMALL","SERVICE","BOTH","PLATFORM","GLOBAL","NO","YES","NO","NO"
"344","COMPANY352","SUCCESS",1,0,5,0,1e+116,"LARGE","PRODUCT","NO","PLATFORM","GLOBAL","NO","NO","NO","NO"
"345","COMPANY353","SUCCESS",2,0,2,0,1e+15,"LARGE","SERVICE","BOTH","PLATFORM","GLOBAL","NO","YES","NO","NO"
"346","COMPANY354","SUCCESS",0,1,2,0,0,"SMALL","PRODUCT","BOTH","BOTH","GLOBAL","NO","YES","NO","YES"
"347","COMPANY355","SUCCESS",2,1,4,0,1e+64,"LARGE","PRODUCT","BOTH","BOTH","GLOBAL","NO","NO","NO","YES"
"348","COMPANY356","SUCCESS",2,0,2,0,1e+37,"SMALL","SERVICE","BOTH","BOTH","GLOBAL","NO","NO","NO","YES"
"349","COMPANY357","SUCCESS",1,0,5,1,1e+08,"SMALL","SERVICE","PRIVATE","NONE","GLOBAL","NO","NO","NO","YES"
"350","COMPANY358","SUCCESS",4,0,3,0,1e+23,"LARGE","SERVICE","PUBLIC","BOTH","GLOBAL","NO","YES","NO","YES"
"351","COMPANY359","SUCCESS",3,0,3,0,1e+24,"SMALL","PRODUCT","PUBLIC","BOTH","GLOBAL","NO","NO","NO","YES"
"352","COMPANY361","SUCCESS",2,0,2,0,1e+99,"SMALL","PRODUCT","PUBLIC","BOTH","GLOBAL","NO","NO","YES","YES"
"353","COMPANY362","SUCCESS",3,0,3,0,1e+115,"MEDIUM","SERVICE","PUBLIC","BOTH","GLOBAL","NO","NO","YES","YES"
"354","COMPANY363","SUCCESS",2,0,3,2,1e+08,"SMALL","SERVICE","PUBLIC","BOTH","LOCAL","NO","NO","NO","YES"
"355","COMPANY364","SUCCESS",2,0,2,0,1e+64,"SMALL","SERVICE","PUBLIC","BOTH","LOCAL","YES","NO","NO","YES"
"356","COMPANY365","SUCCESS",2,0,1,0,1e+116,"SMALL","SERVICE","PUBLIC","BOTH","GLOBAL","NO","NO","NO","YES"
"357","COMPANY366","SUCCESS",2,0,1,0,1e+64,"SMALL","SERVICE","PUBLIC","BOTH","LOCAL","NO","NO","NO","NO"
"358","COMPANY368","FAILED",2,0,2,0,0,"SMALL","PRODUCT","NO","PLATFORM","LOCAL","NO","NO","NO","NO"
"359","COMPANY369","SUCCESS",2,0,4,0,1000,"SMALL","PRODUCT","NO","PLATFORM","GLOBAL","NO","NO","NO","NO"
"360","COMPANY370","FAILED",1,0,1,1,1e+116,"SMALL","PRODUCT","PUBLIC","BOTH","LOCAL","NO","NO","NO","NO"
"361","COMPANY371","FAILED",2,0,2,0,1e+64,"SMALL","PRODUCT","BOTH","PLATFORM","GLOBAL","NO","YES","NO","NO"
"362","COMPANY372","SUCCESS",2,0,3,0,1e+15,"SMALL","PRODUCT","BOTH","PLATFORM","LOCAL","NO","YES","NO","NO"
"363","COMPANY373","SUCCESS",3,0,3,0,1e+116,"SMALL","PRODUCT","BOTH","PLATFORM","LOCAL","NO","NO","NO","NO"
"364","COMPANY374","FAILED",3,1,5,6,1e+116,"SMALL","SERVICE","NO","PLATFORM","GLOBAL","NO","NO","NO","NO"
"365","COMPANY375","FAILED",1,0,1,0,1e+116,"MEDIUM","SERVICE","BOTH","PLATFORM","LOCAL","NO","YES","NO","NO"
"366","COMPANY376","SUCCESS",0,0,4,0,1e+116,"LARGE","PRODUCT","NO","CLOUD","GLOBAL","NO","NO","NO","NO"
"367","COMPANY377","SUCCESS",1,0,1,0,1e+100,"SMALL","PRODUCT","NO","PLATFORM","LOCAL","NO","NO","NO","NO"
"368","COMPANY378","FAILED",2,0,2,0,1e+28,"SMALL","PRODUCT","NO","NONE","LOCAL","NO","NO","NO","NO"
"369","COMPANY379","SUCCESS",0,0,1,1,1e+52,"SMALL","PRODUCT","NO","NONE","LOCAL","NO","NO","NO","NO"
"370","COMPANY380","SUCCESS",3,0,2,2,1e+52,"MEDIUM","PRODUCT","NO","PLATFORM","LOCAL","NO","NO","NO","NO"
"371","COMPANY381","FAILED",3,0,3,0,1e+52,"SMALL","PRODUCT","NO","PLATFORM","GLOBAL","NO","NO","NO","NO"
"372","COMPANY382","FAILED",4,0,3,3,1e+52,"SMALL","PRODUCT","NO","PLATFORM","LOCAL","NO","NO","NO","NO"
"373","COMPANY383","FAILED",4,0,4,2,1e+52,"MEDIUM","PRODUCT","BOTH","NONE","LOCAL","NO","NO","NO","NO"
"374","COMPANY384","FAILED",6,7,6,2,1e+52,"LARGE","PRODUCT","NO","PLATFORM","GLOBAL","YES","NO","NO","NO"
"375","COMPANY385","FAILED",3,3,10,2,1e+52,"LARGE","PRODUCT","BOTH","PLATFORM","LOCAL","YES","YES","NO","NO"
"376","COMPANY386","FAILED",1,2,1,0,1e+116,"MEDIUM","SERVICE","NO","PLATFORM","LOCAL","YES","YES","NO","NO"
"377","COMPANY387","FAILED",4,2,10,0,1e+116,"SMALL","SERVICE","BOTH","PLATFORM","LOCAL","NO","NO","NO","NO"
"378","COMPANY388","FAILED",2,0,4,0,1e+116,"MEDIUM","SERVICE","BOTH","PLATFORM","GLOBAL","NO","NO","NO","NO"
"379","COMPANY389","FAILED",2,2,4,0,1e+116,"LARGE","PRODUCT","BOTH","PLATFORM","LOCAL","YES","NO","NO","NO"
"380","COMPANY390","FAILED",1,1,2,0,1e+65,"SMALL","PRODUCT","NO","PLATFORM","LOCAL","YES","NO","NO","NO"
"381","COMPANY391","FAILED",2,2,4,1,1e+116,"SMALL","PRODUCT","BOTH","PLATFORM","LOCAL","NO","NO","NO","NO"
"382","COMPANY392","FAILED",2,1,4,0,1e+116,"SMALL","PRODUCT","NO","PLATFORM","LOCAL","NO","NO","NO","NO"
"383","COMPANY393","FAILED",3,0,3,0,1e+116,"SMALL","SERVICE","NO","PLATFORM","LOCAL","NO","NO","NO","NO"
"384","COMPANY394","FAILED",1,0,2,0,1e+52,"SMALL","PRODUCT","NO","PLATFORM","LOCAL","NO","NO","NO","NO"
"385","COMPANY395","FAILED",0,1,1,0,0,"SMALL","SERVICE","NO","CLOUD","LOCAL","NO","NO","NO","NO"
"386","COMPANY396","FAILED",1,0,1,0,1e+31,"SMALL","SERVICE","NO","PLATFORM","LOCAL","NO","NO","NO","NO"
"387","COMPANY397","FAILED",2,1,2,0,1e+117,"SMALL","SERVICE","NO","PLATFORM","LOCAL","NO","NO","NO","NO"
"388","COMPANY398","FAILED",2,1,2,0,1e+117,"SMALL","SERVICE","NO","PLATFORM","LOCAL","NO","NO","NO","NO"
"389","COMPANY399","FAILED",2,0,3,0,1e+117,"SMALL","SERVICE","NO","PLATFORM","LOCAL","NO","NO","NO","NO"
"390","COMPANY400","FAILED",1,0,2,0,1e+64,"LARGE","SERVICE","NO","PLATFORM","LOCAL","YES","NO","NO","NO"
"391","COMPANY401","FAILED",3,0,3,0,1e+64,"SMALL","SERVICE","NO","PLATFORM","LOCAL","NO","NO","NO","NO"
"392","COMPANY402","FAILED",0,0,2,0,1e+117,"LARGE","PRODUCT","NO","PLATFORM","LOCAL","NO","NO","NO","NO"
"393","COMPANY404","FAILED",2,3,3,3,0,"LARGE","PRODUCT","NO","PLATFORM","LOCAL","NO","NO","NO","NO"
"394","COMPANY405","FAILED",0,0,3,0,1e+34,"LARGE","PRODUCT","NO","PLATFORM","LOCAL","NO","NO","NO","NO"
"395","COMPANY406","FAILED",3,0,3,0,0,"SMALL","SERVICE","NO","PLATFORM","LOCAL","NO","NO","NO","NO"
"396","COMPANY407","FAILED",1,0,1,0,1e+19,"SMALL","PRODUCT","NO","PLATFORM","LOCAL","NO","NO","NO","NO"
"397","COMPANY408","FAILED",1,0,1,0,1e+84,"SMALL","SERVICE","NO","PLATFORM","LOCAL","NO","NO","NO","NO"
"398","COMPANY409","FAILED",1,0,1,0,0,"SMALL","SERVICE","NO","PLATFORM","LOCAL","NO","NO","NO","NO"
"399","COMPANY410","FAILED",1,0,1,0,0,"LARGE","SERVICE","NO","PLATFORM","LOCAL  ","NO","NO","NO","NO"
"400","COMPANY411","FAILED",1,0,1,0,1e+80,"SMALL","SERVICE","NO","PLATFORM","LOCAL","NO","NO","NO","NO"
"401","COMPANY412","FAILED",3,1,4,0,0,"SMALL","SERVICE","NO","PLATFORM","LOCAL","NO","NO","NO","NO"
"402","COMPANY413","FAILED",2,0,2,0,0,"SMALL","SERVICE","NO","PLATFORM","LOCAL","NO","NO","NO","NO"
"403","COMPANY414","FAILED",1,0,1,0,0,"SMALL","SERVICE","NO","PLATFORM","LOCAL","NO","NO","NO","NO"
"404","COMPANY415","FAILED",2,0,1,0,1e+81,"SMALL","SERVICE","NO","PLATFORM","LOCAL","NO","NO","NO","NO"
"405","COMPANY429","FAILED",1,0,4,0,0,"SMALL","SERVICE","PRIVATE","PLATFORM","LOCAL","NO","YES","NO","NO"
"406","COMPANY431","FAILED",3,1,5,0,0,"SMALL","SERVICE","PRIVATE","PLATFORM","LOCAL","NO","NO","NO","NO"
"407","COMPANY432","FAILED",1,0,5,2,0,"SMALL","SERVICE","PRIVATE","PLATFORM","LOCAL","NO","NO","NO","NO"
"408","COMPANY433","FAILED",1,0,1,0,0,"LARGE","SERVICE","PRIVATE","PLATFORM","LOCAL","NO","NO","NO","NO"
"409","COMPANY434","FAILED",1,0,1,0,0,"SMALL","SERVICE","BOTH","PLATFORM","LOCAL","NO","NO","NO","NO"
"410","COMPANY435","FAILED",2,1,3,0,0,"MEDIUM","SERVICE","PRIVATE","PLATFORM","LOCAL","NO","YES","NO","NO"
"411","COMPANY436","FAILED",1,1,2,0,1e+64,"SMALL","SERVICE","PUBLIC","PLATFORM","GLOBAL","NO","NO","NO","NO"
"412","COMPANY437","FAILED",2,2,3,3,1e+64,"LARGE","SERVICE","PUBLIC","PLATFORM","GLOBAL","NO","NO","NO","YES"
"413","COMPANY438","FAILED",3,0,3,0,1e+33,"SMALL","SERVICE","PRIVATE","PLATFORM","GLOBAL","NO","NO","YES","NO"
"414","COMPANY439","FAILED",1,0,2,0,1e+58,"SMALL","PRODUCT","PRIVATE","PLATFORM","LOCAL","NO","YES","NO","YES"
"415","COMPANY440","FAILED",2,1,2,0,1e+52,"SMALL","PRODUCT","PRIVATE","PLATFORM","LOCAL","NO","YES","NO","YES"
"416","COMPANY441","FAILED",1,0,2,0,1e+52,"SMALL","SERVICE","PRIVATE","PLATFORM","LOCAL","NO","YES","NO","NO"
"417","COMPANY442","FAILED",1,0,2,0,1e+52,"SMALL","PRODUCT","PRIVATE","PLATFORM","LOCAL","YES","YES","NO","NO"
"418","COMPANY443","FAILED",2,0,2,0,1e+52,"SMALL","SERVICE","PRIVATE","CLOUD","LOCAL","NO","YES","NO","YES"
"419","COMPANY444","FAILED",2,0,2,0,1e+64,"SMALL","PRODUCT","PRIVATE","PLATFORM","LOCAL","NO","YES","NO","NO"
"420","COMPANY445","FAILED",1,0,3,0,1e+52,"SMALL","PRODUCT","PRIVATE","CLOUD","LOCAL","NO","YES","NO","NO"
"421","COMPANY446","FAILED",2,3,2,3,1e+52,"SMALL","SERVICE","PRIVATE","CLOUD","LOCAL","NO","YES","NO","YES"
"422","COMPANY447","FAILED",1,0,1,0,1e+64,"SMALL","PRODUCT","PRIVATE","PLATFORM","LOCAL","NO","YES","NO","YES"
"423","COMPANY448","FAILED",0,0,7,0,1e+52,"MEDIUM","PRODUCT","PRIVATE","PLATFORM","GLOBAL","NO","YES","NO","YES"
"424","COMPANY449","FAILED",0,2,2,0,1e+52,"SMALL","SERVICE","PRIVATE","PLATFORM","LOCAL","NO","YES","NO","NO"
"425","COMPANY450","FAILED",1,0,2,0,1e+52,"SMALL","SERVICE","PRIVATE","PLATFORM","LOCAL","NO","YES","NO","YES"
"426","COMPANY451","FAILED",0,1,5,0,1e+64,"LARGE","PRODUCT","PRIVATE","PLATFORM","LOCAL","NO","NO","NO","YES"
"427","COMPANY452","FAILED",3,0,3,0,1e+43,"MEDIUM","SERVICE","PRIVATE","PLATFORM","LOCAL","NO","YES","NO","YES"
"428","COMPANY453","FAILED",0,1,24,2,1e+52,"LARGE","SERVICE","PRIVATE","CLOUD","GLOBAL","NO","YES","NO","NO"
"429","COMPANY454","FAILED",1,0,2,0,1e+35,"SMALL","PRODUCT","PRIVATE","CLOUD","LOCAL","NO","YES","NO","YES"
"430","COMPANY455","FAILED",0,3,5,2,1e+64,"SMALL","PRODUCT","PRIVATE","CLOUD","LOCAL","NO","YES","NO","NO"
"431","COMPANY456","FAILED",0,0,3,0,1e+52,"SMALL","SERVICE","PRIVATE","CLOUD","LOCAL","NO","YES","NO","YES"
"432","COMPANY457","FAILED",0,1,3,0,1e+64,"SMALL","PRODUCT","PRIVATE","CLOUD","LOCAL","NO","YES","NO","NO"
"433","COMPANY458","FAILED",2,0,2,0,1e+52,"SMALL","PRODUCT","PRIVATE","CLOUD","LOCAL","YES","YES","NO","NO"
"434","COMPANY460","FAILED",1,0,1,0,0,"SMALL","PRODUCT","PRIVATE","PLATFORM","LOCAL","NO","YES","NO","NO"
"435","COMPANY461","FAILED",0,1,1,0,1e+52,"SMALL","PRODUCT","PRIVATE","PLATFORM","LOCAL","NO","YES","NO","YES"
"436","COMPANY462","FAILED",2,0,2,0,1e+52,"SMALL","PRODUCT","PRIVATE","PLATFORM","LOCAL","NO","YES","NO","YES"
"437","COMPANY463","FAILED",2,0,3,0,1e+52,"SMALL","SERVICE","PRIVATE","CLOUD","LOCAL","NO","YES","NO","NO"
"438","COMPANY464","FAILED",1,0,2,0,1e+52,"SMALL","SERVICE","PUBLIC","PLATFORM","LOCAL","NO","NO","NO","NO"
"439","COMPANY465","FAILED",0,1,2,0,1e+10,"SMALL","PRODUCT","NO","PLATFORM","LOCAL","NO","NO","NO","NO"
