ID,A.1_5_Op-HQ_Country,A.1_6_Op-HQ_City,A.1_7_Legal-HQ_Country,A.1_5_Op-HQ_Region,A.1_7_Legal-HQ_Region,A.1_8_Initial-Exploration_Year,A.1_9_Launch_Year,A.1_9_Development-Timelag_YR,A.1_Blockchain-Native,A.1_Actor_Type,A.2_Layer,A.3_Activities,A.3_8_TEXT_Other,A.4_1_1_FTE_2016_Total,A.4_1_2_FTE_2016_BC-Exclusively,A.4_2_1_FTE_2017_Total,A.4_2_2_FTE_2017_BC-Exclusively,A.4_3_1_FTE_2018_Total,A.4_3_2_FTE_2018Q2_BC-Exclusively,A.4_2016-Ratio,A.4_2017-Ratio,A.4_2018Q2-Ratio,A.4_Company-Size,A.5_1_%_Engineers-Devs,A.5_2_%_Strategists-Consultants,A.5_3_%_Sales,A.5_4_%_Business-Dev,A.5_5_%_Legal,A.5_6_%_Other,A.5_6_TEXT_%_Other,A.6_Proprietary-OpenSource,B.1_1_Protocol-Name,B.1_2_Start-Development,B.1_3-Launch-Date,B.2_Other-Protocols,B.3_Codebase_Open-Sourced,B.3_1_TEXT_Codebase_Fully-Open-Sourced_License,B.3_2_TEXT_Codebase_Majority-Open-Sourced_License,B.3_3_TEXT_Codebase_Minority-Open-Sourced_License,B.4_Open-Sourcing_Prospects,B.5_Based-Protocol,B.5_1_TEXT_Substantially-Based-Protocol_Name,B.5_2_TEXT_Loosely-Based-Protocol_Name,B.5_4_TEXT_Based-Protocol_Other,B.6_Industry-Use-Case,B.6_2_TEXT_Specific-Industry-Use-Case,B.6_3_TEXT_Targeting-But-Flexible-Industry-Use-Case,B.6_4_TEXT_Industry-Use-Case_Other,B.7_Data_Broadcast,B.7_4_TEXT_Data_Broadcast,B.8_Consensus-Level,B.8_4_TEXT_Consensus-Level_Other,B.9_Consensus-Algorithm,B.9_11_TEXT_Consensus-Algorithm_Other,B.10_Smart-Contract_Modeling-Language,B.10_1_TEXT_Smart-Contract_New-GP-Modeling-Language,B.10_2_TEXT_Smart-Contract_Existing-GP-Modeling-Language,B.10_3_TEXT_Smart-Contract_Fixed-Purpose-Modeling-Language,B.10_4_TEXT_Smart-Contract_Modeling-Language_Other,B.11_Virtual-Machine,B.11_1_TEXT_Virtual-Machine_Yes,B.11_2_TEXT_Virtual-Machine_No,B.11_3_TEXT_Virtual-Machine_Other,B.12_1_Privacy-Enhancing_Pseudonymous-Address,B.12_2_Privacy-Enhancing_TX-Visibility,B.12_3_Privacy-Enhancing_zk-SNARKS,B.12_4_Privacy-Enhancing_zk-STARKS,B.12_5_Privacy-Enhancing_Other-zk,B.12_5_TEXT_Privacy-Enhancing_Other-zk,B.12_6_Privacy-Enhancing_Ring-Signatures,B.12_7_Privacy-Enhancing_Confidential-TX,B.12_8_Privacy-Enhancing_Encrypted-On-Chain-Data,B.12_9_Privacy-Enhancing_Homomorphic-Encryption,B.12_10_Privacy-Enhancing_Other,B.12_10_TEXT_Privacy-Enhancing_Other,B.13_1_#-Fully-Validating-Nodes,B.13_2_#-Validators,B.13_3_Scaling-Bottlenecks,B.13_4_#-TPS,C.1_1_Service-Name,C.1_2_Start-Development,C.1_3_Launch-Date,C.2_Codebase-Open-Sourced,C.2_1_TEXT_Codebase-Fully-Open-Sourced,C.2_2_TEXT_Codebase-Majority-Open-Sourced,C.2_3_TEXT_Codebase-Minority-Open-Sourced,C.3_Open-Sourcing-Prospects,C.4_Consulting-Training-Services,C.4_11_TEXT_Consulting-Training-Services_Other,C.5#1_1_Core-Protocol_Hyperledger,C.5#1_1_TEXT_Core-Protocol_Hyperledger,C.5#2_1_1_Core-Protocol_Hyperledger_Additional-Comments,C.5#1_2_Core-Protocol_Corda,C.5#2_2_1_Core-Protocol_Corda_Additional-Comments,C.5#1_3_Core-Protocol_Multichain,C.5#2_3_1_Core-Protocol_Multichain_Additional-Comments,C.5#1_4_Core-Protocol_ChainCore,C.5#2_4_1_Core-Protocol_ChainCore_Additional-Comments,C.5#1_5_Core-Protocol_Exonum,C.5#2_5_1_Core-Protocol_Exonum_Additional-Comments,C.5#1_6_Core-Protocol_AxCore,C.5#2_6_1_Core-Protocol_AxCore_Additional-Comments,C.5#1_7_Core-Protocol_Autononity,C.5#2_7_1_Core-Protocol_Autononity_Additional-Comments,C.5#1_8_Core-Protocol_Quorum,C.5#2_8_1_Core-Protocol_Quorum_Additional-Comments,C.5#1_9_Core-Protocol_SETL,C.5#2_9_1_Core-Protocol_SETL_Additional-Comments,C.5#1_10_Core-Protocol_Digital-Asset-Platform,C.5#2_10_1_Core-Protocol_Digital-Asset-Platform_Additional-Comments,C.5#1_11_Core-Protocol_Credits,C.5#2_11_1_Core-Protocol_Credits_Additional-Comments,C.5#1_12_Core-Protocol_Other,C.5#1_12_TEXT_Core-Protocol_Other-Enterprise,C.5#2_12_1_Core-Protocol_Other-Enterprise-BC_Additional-Comments,C.5#1_13_Core-Protocol_Public-Blockchain,C.5#1_13_TEXT_Core-Protocol_Public-Blockchain,C.5#2_13_1_Core-Protocol_Public-BC_Additional-Comments,C.6_Protocol-Criteria,C.7_Industry-Specific?,C.7_21_TEXT_Industry-Specific?,C.8#1_1_Pivot?_Past-12-Months,C.8#1_2_Pivot?_Roadmap,C.8#2_1_1_Pivot?_Past-12-Months_Comments,C.8#2_2_1_Pivot?_Roadmap_Comments,D.1_1_1_Software-Downloads_2016,D.1_1_2_Software-Downloads_2017,D.1_1_3_Software-Downloads_2018Q2,D.1_2_1_New-Projects_2016,D.1_2_2_New-Projects_2017,D.1_2_3_New-Projects_2018Q2,D.1_3_1_Know-Projects-Built-On-Top_2016,D.1_3_2_Know-Projects-Built-On-Top_2017,D.1_3_3_Know-Projects-Built-On-Top_2018Q2,D.2_1_Customer_Africa,D.2_2_Customer_APAC,D.2_3_Customer_Europe,D.2_4_Customer_LAC,D.2_5_Customer_Middle-East,D.2_6_Customer_North-America,D.2_7_Customer_Unknown,D.2_Verification,D.3_1_Customer_Individuals,D.3_2_Customer_Start-ups,D.3_3_Customer_SMEs,D.3_4_Customer_Large-Corporations,D.3_5_Customer_Central-Banks,D.3_6_Customer_PS-Institutions,D.3_7_Customer_Non-Profits,D.3_8_Customer_Other,D.3_8_TEXT_Customer_Other,D.4_Monetisation,D.4_Monetisation_Category,D.5#1_1_Collaboration_Partnership,D.5#1_1_TEXT_Collaboration_Partnership,D.5#2_1_1_Collaboration_Partnership_Additional-Comments,D.5#1_2_Collaboration_Consortia,D.5#1_2_TEXT_Collaboration_Consortia,D.5#2_2_1_Collaboration_Consortia_Additional-Comments,D.5#1_3_Collaboration_Govt-Initiatives,D.5#1_3_TEXT_Collaboration_Govt-Initiatives,D.5#2_3_1_Collaboration_Govt-Initiatives_Additional-Comments,D.5#1_4_Collaboration_Joint-Ventures,D.5#1_4_TEXT_Collaboration_Joint-Ventures,D.5#2_4_1_Collaboration_Joint-Ventures_Additional-Comments,D.5#1_5_Collaboration_Strategic-Investment,D.5#1_5_TEXT_Collaboration_Strategic-Investment,D.5#2_5_1_Collaboration_Strategic-Investment_Additional-Comments,D.5#1_6_Collaboration_Other,D.5#1_6_TEXT_Collaboration_Other,D.5#2_6_1_Collaboration_Other_Additional-Comments,D.6_1_Challenges_Security,D.6_1_TEXT_Challenges_Security,D.6_2_Challenges_Scalability,D.6_3_Challenges_Performance,D.6_4_Challenges_Privacy,D.6_5_Challenges_Immature-Technology,D.6_6_Challenges_Interoperability-DLT-Systems,D.6_7_Challenges_Interoperability-Legacy-Enterprise-System,D.6_8_Challenges_Other,D.6_8_TEXT_Challenges_Other,D.7_1_Challenges_Uncertain_ROI,D.7_2_Challenges_Knowledge-Gap,D.7_3_Challenges_Reluctance-Changes,D.7_4_Challenges_Reputational-Risk,D.7_5_Challenges_Hype,D.7_6_Challenges_No-Use-Case,D.7_7_Challenges_Legal-Regulatory-Risk,D.7_8_Challenges_Building-Network,D.7_9_Challenges_Vendor_Immaturity,D.7_10_Challenges_Lack-Standardisation-Interoperability,D.7_11_Challenges_Tech-Durability,D.7_12_Challenges_Lack-Deployed-Network,D.7_13_Challenges_Lack-User-Friendliness,D.7_14_Challenges_Shortage-Skilled-Labour,D.7_15_Challenges_Other,D.7_15_TEXT_Challenges_Other,D.8_1_Mainstream-Adoption_Private-Sector,D.8_2_Mainstream-Adoption_Public-Sector,D.9_Final-Comments,QID59_Authorisation
1,UK,London,UK,Europe,Europe,2014,2015,1,Native,For-profit,"Protocol,Network","Consulting services (e.g. strategy, education, training),Middleware services (e.g. software development platform),Integration of existing protocol frameworks to build networks for customers ,Application development for existing networks",,8.00,8.00,10.00,10.00,20.00,20.00,1.00,1.00,1.00,Medium,38,19,20,19,5,0,,,,,,,,,,,,,,,,,,,,,,,,,,,,,,,,,,,,,,,,,,,,,,,,,,,CIM/CAM/CEM,Aug-15,Jan-16,,,,,,"Feasibility studies,Solution design,Blockchain software development",,,"Fabric, Sawtooth",,,,,,,,,,,,,,,,,,,,,,,,,,Ehtereum,,Open source ,No: cross-industry,,Expansion into other industry/sector,Expansion into other industry/sector,,,,,,,,,,,,0,0,70,0,5,25,0,100,0,22,33,44,0,0,0,0,0,Right PoCs/Pilots with commercialisation on the latter coming soon,Running PoC fees,Currently,IoT,,,,,Currently,,,Currently,,,Currently,,,,,,2,,4,4,2,1,3,2,,,4,4,3,1,4,1,3,3,2,3,1,2,1,3,,,1-2 years,1-2 years,,Yes
2,USA,Denver,British Virgin Islands,North America,North America,2016,,,Native,For-profit,Protocol,Development and/or maintenance of a core protocol framework (e.g. Hyperledger Fabric),,1.00,1.00,1.00,1.00,1.00,1.00,1.00,1.00,1.00,Small,100,,,,,,,Proprietary,DisLedger,Oct-15,Oct-16,,Fully closed-sourced,,,,Not applicable,Completely written from scratch,,,,"Targeting a specific industry/use case, but suitable for other industries and use cases as well (please specify):",,Settlement of financial transactions (payments or capital markets) in central bank money. ,,Other (please specify):,Counterparty ledgers are shared only between the actual parties to a transaction.,Other (please specify):,DisLedger utilizes the Concurrence of the actual parties to truly validate the data. It does not use consensus of third-parties as that is a weak form of validation..,Other (please specify):,Distributed Concurrence,Existing general-purpose language(s) (e.g. Java):,,Any language,,,No (please specify):,,"not at the base layer, in the Prime Ledger above the Counterparty Ledgers",,,Currently supported,,,,,,,Currently supported,,Currently supported,"Counterparty Ledgers are only shared between the actual parties - so inherently, totally private by design",Unlimited,self-validated so this does not apply,"hash rate of counterparties, solved by adding parallelizing the CLs. e.g. if A&B max out hashrate on their original CL A:B, they standup a parallel CL A:B#2 and double their throughput.",Unlimited,,,,,,,,,,,,,,,,,,,,,,,,,,,,,,,,,,,,,,,,,,,,,,,,,,,,,,,,0,30,30,0,10,30,0,100,0,10,,70,20,0,0,0,0,per transaction license fees,"License fees,Transaction fees",Currently,,,,,,Currently,,,,,,,,,,,,3,,5,5,5,5,3,3,,,,5,4,4,5,5,5,5,5,4,5,5,5,5,,,Probably never,6-10 years,,Yes
3,UK,,UK,Europe,Europe,2015,2019,4,Native,For-profit,Protocol,"Development and/or maintenance of a core protocol framework (e.g. Hyperledger Fabric),Other (please specify):","Business model - distributed FMI, member-owned, member-governed networks that mutualise risks and economic benefits",12.00,10.00,20.00,18.00,32.00,29.00,0.83,0.90,0.91,Medium,51,9,10,10,0,20,Project team,Open core,Autonity,Sep-17,Mar-19,,Minority open-sourced:,,,LGPL,Very likely,Substantially based on existing protocol framework:,Ethereum,,,Specifically designed for a particular industry/use case (please specify):,Capital markets,,,"Global data diffusion: every node receives, validates and stores every transaction",,Global: consensus at the system-level,,"Practical Byzantine Fault Tolerance (PBFT),Raft,Proof-of-Work (PoW),Other (please specify):",Proof of authority,New general-purpose smart contract language(s) (e.g. Solidity):,Solidity,,,,Yes (please specify):,EVM,,,Currently supported,Currently supported,On roadmap (next 12 months),On roadmap (next 12 months),,,Currently supported,,On roadmap (next 12 months),On roadmap (next 12 months),,,100,100,CPU bounds,150,,,,,,,,,,,,,,,,,,,,,,,,,,,,,,,,,,,,,,,,,,,,,,,0,10,5,1,1,1,1,0,1,0,10,70,0,0,20,0,100,0,10,0,70,20,0,0,0,,"Using membership model whereby members of the network are remunerated on the transaction fees on the network base on their proportionate ownership. Application providers can provide services and be paid by users on chain. Similar to seat tokens at an exchange, members will be able to provide input on governance of the network.",Membership fees,On roadmap (next 12 months),Other tech providers at application layer,,Currently,EEA,,On roadmap (next 12 months),,,On roadmap (next 12 months),Other technology providers,,,,,,,,1,,4,4,1,1,2,1,,,5,3,5,1,4,1,3,1,1,4,1,4,5,5,,,1-2 years,6-10 years,We recently completed a proof of concept with the Bank of England to help them understand the implications of interacting between legacy technology and emerging technology. We were pleased to be able to help influence the design and construction of the renewed RTGS.,Yes
4,Brazil,Sao Paulo,Brazil,LAC,LAC,2016,,,Non-native,For-profit,Application,Integration of existing protocol frameworks to build networks for customers ,,1.00,1.00,1.00,1.00,1.00,1.00,1.00,1.00,1.00,Small,100,,,,,,,Open Core,,,,,,,,,,,,,,,,,,,,,,,,,,,,,,,,,,,,,,,,,,,,,,,,,,,,Majority open-sourced:,,,,,,,In-house,,,,,In-house,,,,,,,,,,,,,,,,,,,,,In-house,Ethereum,,,,,,,,,,,,,,,,,,0,0,0,100,0,0,0,100,,,,,,,,,,,,,,,,,,,,,,,,,,,,,,,,,,,,,,,,,,,,,,,,,,,,,,,,,,,No
5,China,Hangzhou,China,APAC,APAC,2016,,,Native,For-profit,Protocol,"Consulting services (e.g. strategy, education, training),Development and/or maintenance of a core protocol framework (e.g. Hyperledger Fabric)",,30.00,20.00,40.00,30.00,70.00,50.00,0.67,0.75,0.71,Medium,89,0,0,9,2,0,,Open Source,CITA,Mar-16,Aug-17,,Fully open-sourced:,,,,,Completely written from scratch,,,,"Targeting a specific industry/use case, but suitable for other industries and use cases as well (please specify):",,"Finance, games and so on",,Customisable by network operators,,Customisable by network operators,,Other (please specify):,CITA BFT,"New general-purpose smart contract language(s) (e.g. Solidity):,Existing general-purpose language(s) (e.g. Java):",Solidity,Go and Rust,,,Yes (please specify):,EVM,,,Currently supported,Currently supported,Currently supported,,,,On roadmap (next 12 months),On roadmap (next 12 months),,,,,10,10,Network bandwidth,15000,,,,,,,,,"Feasibility studies,Strategy assessment,Solution design,Strategy and impact",,,,,,,,,,,,,,,,,,,,,,,,,,,,,,,,,,,,,,0,60,100,2,6,4,0,3,4,0,70,5,0,0,20,5,100,25,14,15,40,0,0,0,5,0,,,,,,,,,,,,,,,,,,,,,4,,4,4,4,4,4,4,4,,4,4,4,4,4,4,4,4,4,4,1,3,4,1,4,,1-2 years,3-5 years,,Yes
6,China,Shanghai,China,APAC,APAC,2014,,,Non-native,For-profit,Application,Development and/or maintenance of a core protocol framework (e.g. Hyperledger Fabric),,100.00,10.00,150.00,20.00,200.00,50.00,0.10,0.13,0.25,Medium,70,10,6,6,2,6, researcher,Proprietary,ecochain,Mar-16,Jul-17,Hyperledger Fabric,Fully closed-sourced,,,,Likely,Loosely based on existing protocol framework:,,Ethereum,,General-purpose: suitable for any industry and use case,,,,"Global data diffusion: every node receives, validates and stores every transaction",,Global: consensus at the system-level,,Practical Byzantine Fault Tolerance (PBFT),,New general-purpose smart contract language(s) (e.g. Solidity):,Solidity,,,,Yes (please specify):,EVM,,,Currently supported,Currently supported,On roadmap (next 12 months),On roadmap (next 12 months),,,On roadmap (next 12 months),On roadmap (next 12 months),Currently supported,On roadmap (next 12 months),,,22,100,Consensus algorithm ,500TPS,,,,,,,,,,,,,,,,,,,,,,,,,,,,,,,,,,,,,,,,,,,,,,,,,,,,,,,,0,100,0,0,0,0,0,100,0,0,50,0,0,50,0,0,0,,,,,,,,,,,,,,,,,,,,,5,,5,5,4,3,4,3,4,Version upgrade compatibility issues ,3,2,4,3,3,3,4,5,3,2,3,4,2,4,,,3-5 years,1-2 years,,Yes
7,Ghana,,Ghana,MEA,MEA,2015,,,Native,For-profit,Application,"Consulting services (e.g. strategy, education, training),Integration of existing protocol frameworks to build networks for customers ,Application development for existing networks",,2.00,1.00,3.00,1.00,4.00,2.00,0.50,0.33,0.50,Small,25,25,12,25,12,0,,Proprietary,,,,,,,,,,,,,,,,,,,,,,,,,,,,,,,,,,,,,,,,,,,,,,,,,BenBen,Jan-16,Jul-17,Fully closed-source,,,,Likely,"Feasibility studies,Solution design,Strategy and impact,Blockchain software development",,,,,,,,,,,,,,,,,,,,,,,,,In-house,STRATO by Blockapps,,,,,"Complexity of scripting language
Cost structure
Flexibility of platform",Public Administration,,Expansion into other industry/sector,Expansion into other industry/sector,,,0,0,0,1,6,3,0,0,0,100,0,0,0,0,0,0,100,0,0,50,25,0,25,0,0,0,"Transactions Fees
Commercial License Fees
","Transaction fees,License fees",On roadmap (next 12 months),Property Development Sector,,,,,Currently,National Property Reforms Working Group,,,,,,,,,,,3,,5,2,4,2,2,2,,,5,5,2,3,4,2,4,2,2,5,4,2,2,4,,,6-10 years,6-10 years,,Yes
8,USA,Los Angeles,Chile,North America,LAC,2017,2018,1,Native,For-profit,"Network,Application","Consulting services (e.g. strategy, education, training),Middleware services (e.g. software development platform),Integration of existing protocol frameworks to build networks for customers ,Application development for existing networks",,,,,,,,,,,,19,31,31,14,5,0,,Proprietary,,,,,,,,,,,,,,,,,,,,,,,,,,,,,,,,,,,,,,,,,,,,,,,,,gridcube,Oct-18,Mar-18,Fully closed-source,,,,Very unlikely,"Strategy assessment,Risk management,Solution design,Strategy and impact,Systems engineering,Blockchain software development",,In-house,,,In-house,,In-house,,,,,,,,,,,,,,,,,,,,,,,,"performance, and documentation.",No: cross-industry,,No pivot/expansion,No pivot/expansion,,,,,,,,6,,,,0,0,0,30,0,70,0,100,0,29,0,71,0,0,0,0,0,"by consulting services, support fees, development, and transactions.","Consulting and training fees,Infrastructure fees,Transaction fees","Currently,On roadmap (next 12 months)",,,,,,"Currently,On roadmap (next 12 months)",,,"Currently,On roadmap (next 12 months)",,,"Currently,On roadmap (next 12 months)",,,,,,4,,5,5,2,1,4,5,,,5,5,4,2,4,3,2,2,4,3,3,3,5,5,,,3-5 years,3-5 years,,Yes
9,Israel,Tel Aviv,UK,MEA,Europe,2014,2014,0,Native,For-profit,Protocol,Development and/or maintenance of a core protocol framework (e.g. Hyperledger Fabric),,3.00,3.00,3.00,3.00,5.00,5.00,1.00,1.00,1.00,Small,70,0,10,20,0,0,,Open Source,MultiChain,Dec-14,Jun-15,,Fully open-sourced:,GPLv3,,,,Substantially based on existing protocol framework:,Bitcoin,,,General-purpose: suitable for any industry and use case,,,,Other (please specify):,"Global diffusion for transactions, support for off-chain data which is selectively diffused but locked down by hashes on-chain",Global: consensus at the system-level,,"Round-Robin scheme,Proof-of-Work (PoW),Other (please specify):",(it's round robin with customizable leniency to allow for non-functioning validators),"Existing general-purpose language(s) (e.g. Java):,Fixed-purpose language (e.g. Bitcoin Script, Digital Asset Modelling Language/DAML):",,Javascript coming in Q3/Q4 2018 for transaction filters,Bitcoin script,,No (please specify):,,,Smart Filters coming in Q3/Q4 2018 run in a virtual machine but are a different paradigm to smart contracts.,Currently supported,,,,,,,,Currently supported,,On roadmap (next 12 months),Off-chain data with selective visibility,Unlimited,1000s,Transaction throughput per second,1100,,,,,,,,,,,,,,,,,,,,,,,,,,,,,,,,,,,,,,,,,,,,,,,26524,55892,35139,,,,,,,5,15,40,15,5,20,0,100,9,23,27,21,3,9,9,0,0,"Current: commercial licensing, service level agreements, commercial support. In 2019 we expect to release the first premium/enterprise version with enhancements over the open source version.","License fees, SLA",Currently,http://www.multichain.com/platform-partners/,Over 80 agreements signed with companies building on MultiChain.,,,,,,,,,,,,,,,,2,,3,3,5,3,1,4,,,3,5,4,1,5,1,2,4,3,1,4,3,4,5,,,Probably never,Probably never,"If we define ""mainstream"" as something on the scale of relational databases, I do not believe blockchains will ever be a mainstream technology. I understand them as a niche specialized type of database/messaging system that is appropriate in specific situations. I expect LTAM for blockchains to be 1-3% of the database/messaging market.",Yes
10,"Indonesia, Australia, Philippines"," Jakarta, Sydney, Manila",Singapore,APAC,APAC,2018,2018,0,Native,For-profit,"Network,Application","Consulting services (e.g. strategy, education, training)",,,,,,10.00,10.00,,,1.00,Small,0,40,10,40,0,10,Operations,,,,,,,,,,,,,,,,,,,,,,,,,,,,,,,,,,,,,,,,,,,,,,,,,,,,,,,,,Not applicable,"Feasibility studies,Strategy assessment,Risk management,Solution design,Strategy and impact",,,,,,,,,,,,,,,,,,,,,,,,,,,,External / outsourced,Ethereum,"Technically we are protocol agnostic (not just ETH) as we provide the strategy side, rather than the build.","We will advise on whichever protocol is fit for purpose for the particular client.

The design criteria covers:
- level of openness (public vs private, permissioned vs permissionless)
- level of privacy / anonymity (actors and transactions)
- level of control (governance and decision making - decentralised to centralised scale)
- level of flexibility (hard and soft forks)
- level of scalability (tps, network scale)
- level of security
- level of interoperability",No: cross-industry,,,No pivot/expansion,,"Less pivot, more focus on: financial services, securitisation, media, liquidity management.",,,,,,,,,,0,100,0,0,0,0,0,100,0,0,100,0,0,0,0,0,,"We offer a wide range of services internally and across our network for entities seeking to build a distributed ledger enabled business which spans business strategy, token economics, raise strategy (including ICO), marketingand goto market and liquidity management.

Our broader network offers media focused on blockchain, cryptocurrency, ICO, etc.

Through consultancy services for companies who wish to launch their ICO.
We provide service from planning, executing, and marketing the ICO.

We also have a sister media company which focuses on blockchain, cryptocurrency, and ICOs.
",,"Currently,On roadmap (next 12 months)",,Currently: With adjacent service providers on the blockchain & ICO value chain. On roadmap:  Expanding regional presence with like-minded businesses,,,,,,,,,,,,,,,,5,,5,5,3,4,5,5,,,5,5,5,5,3,4,5,3,4,4,5,4,5,4,4,,3-5 years,6-10 years,,Yes
11,USA,Alpharetta,USA,North America,North America,2018,2018,0,Non-native,For-profit,"Network,Application","Consulting services (e.g. strategy, education, training),Application development for existing networks",,,,,,200.00,6.00,,,0.03,Small,,,,,,,,Proprietary,,,,,,,,,,,,,,,,,,,,,,,,,,,,,,,,,,,,,,,,,,,,,,,,,Farm to Fork,Aug-18,,Fully closed-source,,,,Very likely,"Feasibility studies,Strategy assessment,Solution design,Strategy and impact,Blockchain software development",,"In-house,External / outsourced",,,,,,,,,,,,,,,,,,,,,,,,,,,,,"Scalability,flexibility cross functional capacity permissioned non cryptocurrency based","Agriculture, Forestry, Fishing and Hunting,Mining, Quarrying, and Oil and Gas Extraction,Transportation and Warehousing",,No pivot/expansion,Expansion into other industry/sector,,,,,,,,,,,,0,2,17,1,3,77,0,100,0,0,22,31,0,17,30,0,0,,,On roadmap (next 12 months),,,,,,,,,,,,,,,,,,3,,5,5,2,3,4,4,,,5,5,4,3,5,4,4,4,4,4,4,3,3,5,,,3-5 years,6-10 years,Blockchain need to be flexible to adopt other evolving technologies and standards to add real values felt by both private and public sector.,No
12,Philippines,Quezon City,Philippines,APAC,APAC,2014,2017,3,Non-native,For-profit,Application,"Consulting services (e.g. strategy, education, training),Integration of existing protocol frameworks to build networks for customers ,Application development for existing networks",,8.00,2.00,12.00,4.00,20.00,8.00,0.25,0.33,0.40,Small,38,31,15,15,0,0,,Open Source,,,,,,,,,,,,,,,,,,,,,,,,,,,,,,,,,,,,,,,,,,,,,,,,,HealthBlocks,Dec-16,Dec-17,Fully open-sourced:,MIT,,,,"Feasibility studies,Strategy assessment,Solution design,Strategy and impact,Blockchain software development",,In-house,,,,,In-house,,,,,,,,,,,,,,,,,,,,,,,,If it fits the use case,No: cross-industry,,,,,,,,,,2,3,,,,0,100,0,0,0,0,0,100,0,100,0,0,0,0,0,0,0,Development of Application,Infrastructure fees,Currently,Multichain,,,,,,,,,,,,,,,,,5,Hacking,5,4,4,4,3,4,,,4,4,5,3,5,5,5,5,4,3,5,4,4,4,,,3-5 years,6-10 years,,Yes
13,Kenya,Nairobi,Kenya,MEA,MEA,2014,2018,4,Non-native,For-profit,"Network,Application","Consulting services (e.g. strategy, education, training),Middleware services (e.g. software development platform),Integration of existing protocol frameworks to build networks for customers ,Application development for existing networks",,5.00,2.00,5.00,2.00,13.00,8.00,0.40,0.40,0.62,Small,29,10,20,29,12,0,,Proprietary,,,,,,,,,,,,,,,,,,,,,,,,,,,,,,,,,,,,,,,,,,,,,,,,,Ganji,Jan-15,Jun-17,Fully closed-source,,,,Very unlikely,"Blockchain software development,Professional certifications",,,,,,,In-house,We are a Multichain Platform Partner.,,,,,,,,,,,,,,,,,,,,,,,"Versatility - ability to be used for multiple use cases
Multiple blockchains - ability to create many independent blockchains on a single instance
Multiple assets - ability to create multiple assets on a single blockchain
Data storage - ability to store arbitrary data on the blockchain securely",No: cross-industry,,Not applicable,Not applicable,We serve multiple industries and our product is designed to be versatile.,,,,1,0,1,3,0,0,2,80,0,0,0,0,20,0,100,0,80,0,20,0,0,0,0,0,From sales revenue and training revenue,"Sales,Consulting and training fees",Currently,"Multichain, Positrust",,,,,,,,,,,,,,,,,1,,3,3,4,5,4,4,,,4,5,5,1,1,4,5,3,4,4,1,1,1,5,,,1-2 years,3-5 years,,Yes
14,Brazil,Sao Paulo,Brazil,LAC,LAC,2016,2017,1,Non-native,For-profit,"Network,Application","Consulting services (e.g. strategy, education, training),Middleware services (e.g. software development platform),Application development for existing networks",,2.00,0.00,5.00,1.00,25.00,3.00,0.00,0.20,0.12,Small,60,30,5,5,0,0,,Proprietary,,,,,,,,,,,,,,,,,,,,,,,,,,,,,,,,,,,,,,,,,,,,,,,,,1- Auction P. / 2 - Transfer Tracker,Nov-17,,Fully closed-source,,,,Not applicable,"Solution design,Systems engineering,Blockchain software development",,In-house,"Fabric , Sawtooth",,In-house,,,,,,,,,,,,,,,,,,,,,,,,,,"Scalability, security and modular",No: cross-industry,,,,,,,,,,,,,,,0,0,10,70,0,20,0,100,0,0,0,100,0,0,0,0,0,,,,"Hyperledger, R3",,,,,,,,,,,,,,,,,5,,4,4,3,4,3,2,,,4,4,4,2,4,4,4,3,3,3,3,4,3,4,,,1-2 years,3-5 years,,Yes
15,Morocco,Marrackech,UK,MEA,Europe,2015,2017,2,Native,For-profit,"Protocol,Application","Consulting services (e.g. strategy, education, training),Development and/or maintenance of a core protocol framework (e.g. Hyperledger Fabric),Middleware services (e.g. software development platform),Application development for existing networks",,2.00,2.00,5.00,2.00,10.00,4.00,1.00,0.40,0.40,Small,78,12,4,4,2,0,,Proprietary,Ethereum,Apr-15,Jul-17,Ethereum,Fully closed-sourced,,,,Very likely,Substantially based on existing protocol framework:,Ethereum,,,Specifically designed for a particular industry/use case (please specify):,Banks,,,Customisable by network operators,,Customisable by network operators,,"Raft,Other (please specify):",Tendermint,New general-purpose smart contract language(s) (e.g. Solidity):,,,,,Yes (please specify):,,,,Currently supported,Currently supported,Currently supported,,,,,Currently supported,Currently supported,,,,100,60,Blocksize,10,Fractal,Apr-16,Jul-18,Fully closed-source,,,,Likely,"Feasibility studies,Strategy assessment,Solution design,Regulatory and compliance services,Strategy and impact,Systems engineering,Blockchain software development",,In-house,,,In-house,,In-house,,External / outsourced,,External / outsourced,,External / outsourced,,External / outsourced,,External / outsourced,,External / outsourced,,External / outsourced,,External / outsourced,,,,,In-house,Ethereum,,"Scalability,    concensus  protocol","Banking, Financial Markets and Insurance,Professional, Scientific, and Technical Services",,No pivot/expansion,No pivot/expansion,,,,0,0,1,3,20,1,10,20,63,0,29,0,8,0,0,100,8,8,0,28,17,30,8,0,0,Licencing,License fees,Currently,,,,,,Currently,,,Currently,,,Currently,,,,,,3,,5,5,3,3,4,2,,,4,3,4,2,3,2,3,3,3,3,2,3,3,2,,,1-2 years,6-10 years,,Yes
16,Japan,Tokyo,Japan,APAC,APAC,2014,2015,1,Native,For-profit,"Protocol,Network,Application","Development and/or maintenance of a core protocol framework (e.g. Hyperledger Fabric),Middleware services (e.g. software development platform)",,12.00,5.00,20.00,8.00,12.00,5.00,0.42,0.40,0.42,Small,57,14,14,14,0,0,,Proprietary,Orb DLT,Nov-16,Q4/2018,,Fully closed-sourced,,,,Don't know,Completely written from scratch,,,,"Targeting a specific industry/use case, but suitable for other industries and use cases as well (please specify):",,"Current middleware targets pre-paid and digital money, loyalty programs and multiple-coin issuer networks. Underlying application can be reused for non-coin/economic purposes.",,Customisable by network operators,,Other (please specify):,Data storage layer -- between online storage nodes,Paxos,,,,,,"No official smart-contract layer at this time. In the future a basic scripting language may be available, but currently the system is configured via configuration files to model a customer's internal economy -- no technical knowledge required.",,,No smart-contract support at this time.,,Currently supported,Currently supported,,,,,,,Currently supported,,Currently supported,proprietary tamper-evidence mechanism for detecting fraudulent and/or malicious activity,Nodes (transaction submitters) are stateless. Increasing node count simply increases possible throughput.,"Orb DLT does not depend on a blockchain, but instead independent ledgers based on interacting accounts. Except for the storage layer, all components operate independently. The storage layer can be scale as capacity increases.","Configuration complexity. As more writes for a single transaction type occur, average transaction latency can increase, but use cases are relatively simple. In this case, avg transaction latency can be as low as 37ms.",TPS scales based on available hardware. This can be tuned to customer requirements. Six storage nodes can provide 100TPS,Orb DLT Integration Layer,Feb-18,Jun-18,Fully closed-source,,,,Likely,,,,,,,,,,,,,,,,,,,,,,,,,,In-house,OrbDLT,"Our customer integration layers are largely dependent on the Orb DLT protocol and APIs. Currently, our integration layer is only compatible with our underlying DLT product",,,,,"Banking, Financial Markets and Insurance,Real Estate and Rental and Leasing,Management of Companies and Enterprises",,No pivot/expansion,Expansion into other industry/sector,,Possibly looking into additional use cases for the underlying DLT components and minor refactoring/reuse of the integration layer,,,,1,2,4,,,,0,100,0,0,0,0,0,100,0,0,25,25,50,0,0,0,0,"Currently, we are largely in a proof-of-concept phase. This requires us to work very closely with the customer set that we have at this moment. Revenues are accumulated via POC work. In the future, we will possibly expand to licensing fees, DLT transaction volume fees and infrastructure fees (if a customer requires that).",Running PoC fees,,,,,,,,,,,,,,,,,,,5,,5,5,3,4,4,4,,,5,4,4,4,5,4,5,5,4,3,4,5,4,3,,,3-5 years,More than 10 years,"Thank you for asking us to participate in the survey. Although, we do not explicit have a blockchain employed in our DLT solution. We do retain many of the good characteristics of blockchain-like systems: distributed data, strong tamper-evidence, versioned data, but because we did decide to reimplement several systems without requiring a blockchain structure, we have gained a lot in terms of absolute finality, scalability, infrastructure security and transactional throughput.",Yes
17,USA,Raleigh,USA,North America,North America,2016,2018,2,Native,For-profit,"Protocol,Network,Application","Development and/or maintenance of a core protocol framework (e.g. Hyperledger Fabric),Middleware services (e.g. software development platform),Integration of existing protocol frameworks to build networks for customers ",,4.00,4.00,4.00,4.00,20.00,20.00,1.00,1.00,1.00,Medium,78,0,6,17,0,0,,"Open Source,Open Core",Quorum,Dec-17,May-18,Hyperledger Fabric,Fully open-sourced:,,,,Not applicable,Substantially based on existing protocol framework:,Ethereum,,,General-purpose: suitable for any industry and use case,,,,Other (please specify):,Public transactions are global data diffusion. Private transactions are P2P.,Other (please specify):,Public transactions global consensus and private transactions through local consensus.,"Raft,Other (please specify):",Istanbul BFT,New general-purpose smart contract language(s) (e.g. Solidity):,Solidity,,,,Yes (please specify):,EVM,,,Currently supported,Currently supported,Currently supported,,Currently supported,range proof,Currently supported,Currently supported,,Currently supported,,,,,"For IBFT, size of the validator set",,"Kaleido, The Blockchain Business Cloud",Dec-17,May-18,Minority open-sourced:,,,Apache 2.0,Very unlikely,,,,,,,,,,,,,,,,,,In-house,,,,,,,,,,,In-house,go-ethereum (geth),,"Support for enterprise use cases, market demands, supporting developer ecosystem and maturity of code base.",No: cross-industry,for enterprise use cases,Not applicable,Not applicable,,,,,,,,,,,800,0,20,20,5,5,50,0,100,,,,,,,,,,SaaS subscription model,,Currently,,,Currently,,,Currently,,,Currently,,,,,,,,,4,,5,5,4,3,4,2,4,skills availability,4,5,4,2,3,3,5,5,4,2,3,4,5,5,,,1-2 years,3-5 years,,Yes
18,USA,"Wilmington, DE",Ukraine,North America,Europe,2015,2018,3,Native,For-profit,Protocol,"Development and/or maintenance of a core protocol framework (e.g. Hyperledger Fabric),Integration of existing protocol frameworks to build networks for customers ",,10.00,5.00,20.00,15.00,32.00,30.00,0.50,0.75,0.94,Medium,66,6,6,16,6,0,,Open Source,REMchain,Jan-18,Jan-19,Hyperledger Sawtooth ,Fully open-sourced:,,,,,Substantially based on existing protocol framework:,Hyperledger Sawtooth ,,,"Targeting a specific industry/use case, but suitable for other industries and use cases as well (please specify):",,"distributed Public Key Infrastructure PKI (d) There are two possible ways for the enterprise customer to use REMME solution. ‚óè	In first one they use REMME Public blockchain - REMChain - and connect to it with DApps (for example Web auth mechanism). ‚óè	In second one they create their deploy private blockchain and run own masternodes (Distributed level in the diagramm). Consumer will always be at the Service layer and getting inside REMChain by the WebAuth.",,"Global data diffusion: every node receives, validates and stores every transaction",,Global: consensus at the system-level,,"Practical Byzantine Fault Tolerance (PBFT),Proof-of-Elapsed-Time (PoET),Proof-of-Stake (PoS)",,,,,,No smart-contract,,,,,,,,,,,,,,,,,,,,,,,,Fully open-sourced:,,,,Likely,,,External / outsourced,Sawtooth,,,,,,,,,,,,,,,,,,,,,,,,,,,,,No: cross-industry,,,Expansion into other industry/sector,,,,,,,,,,,,0,4,9,0,0,7,80,100,94,6,0,0,0,0,0,0,0,"Our current list-priced can be described as Price-per-Certificate. Standard price is 1 USD per certificate per year, including all necessary transaction costs. It is always constant and paid by service provider (not end user). 90% of this fee goes to master nodes that participate in the network, 10% goes to REMME for ecosystem support and development.Special price for volume is available.
Additional pricing models are under discovery process and will be implemented for specific protocol use cases. 
",,"Currently,On roadmap (next 12 months)",,"Hyperledger (partner), Decentralized Identity Foundation Membership (on roadmap) ",,,,,,,,,,,,,,,,1,eliminates risks of man-in-the-middle attacks ,3,3,3,1,4,4,,,2,5,5,3,4,2,4,3,3,4,3,2,3,4,,,1-2 years,3-5 years,"As of today, REMME solution is still under development and is expected to be in production at the end of Q4,2018. However, we have selected 20 pilot projects of our solution today. We're are focusing on Pilot Projects implementations with enterprises and traditional IAM providers.",Yes
20,Russia,Moscow,Russia,Europe,Europe,2017,2018,1,Native,For-profit,"Protocol,Network,Application","Development and/or maintenance of a core protocol framework (e.g. Hyperledger Fabric),Middleware services (e.g. software development platform),Integration of existing protocol frameworks to build networks for customers ,Other (please specify):",developing your own block chain solution www.Rubiconblockchain.com,,,8.00,8.00,17.00,17.00,,1.00,1.00,Medium,100,0,0,0,0,0,,"Proprietary,Open Core",Hyperledger Fabric,Mar-17,Oct-18,,Fully closed-sourced,,,,Likely,Substantially based on existing protocol framework:,Hyperledger Fabric,,,General-purpose: suitable for any industry and use case,,,,Other (please specify):,"Rubicon Blockchain is a platform for structured access to validated data collected in information flows through access points forming a single network of distributed storage of this data.   Information flows are accessed through"" access points"", which are gateways for physical users to access the Rubicon network. The access point's access to the information flow is determined according to its role in the network and certain rights. The platform is built on the basis of Hyper ledger Fabric.",Other (please specify):,"Architecture Data validation occurs at the following levels: Storage (technology of the blockchain) Instructions for working with different types of data Data models (related data records as transactions in the blockchain) Working with data (machine code) Information flow. Physical presence of the organization in the system, cluster, local group or large system through the information flow and validation of data for writing to it. System user. Access data from another system, cluster, local group, or large system through authorization as a user to read data from the information flow. System users are also divided into read, write, and read/write roles.",Proof-of-Stake (PoS),,New general-purpose smart contract language(s) (e.g. Solidity):,RuGO (the script to call libraries written in GO),,,,Yes (please specify):,,,,,On roadmap (next 12 months),,,,,,On roadmap (next 12 months),On roadmap (next 12 months),,,,Unlimited,Unlimited,"orderer, ledger",20000,Cryptoenter,Jun-17,Oct-18,Minority open-sourced:,,,,Likely,,,"In-house,External / outsourced",Fabric,,,,,,,,,,,,,,,,,,,,,,,,,,,,,No: cross-industry,,,,,,,,,,,,,,,0,20,80,0,0,0,0,100,0,0,0,50,50,0,0,0,0,start service Cryptoenter.com based on the platform Rubiconblockchain,,,,,,,,,,,,,,,,,,,,,,,,,,,,,,,5,3,1,4,1,4,4,4,1,,5,5,5,,,Less than one year,1-2 years,,Yes
21,Spain,Barcelona,Spain,Europe,Europe,2016,2018,2,Non-native,For-profit,"Protocol,Network","Middleware services (e.g. software development platform),Integration of existing protocol frameworks to build networks for customers ",,1.00,0.00,1.00,0.00,1.00,0.00,0.00,0.00,0.00,Small,67,0,0,33,0,0,,Open Core,,,,,,,,,,,,,,,,,,,,,,,,,,,,,,,,,,,,,,,,,,,,,,,,,Planichain,Mar-16,Jun-18,Majority open-sourced:,,GPLv2,,Very unlikely,,,,,,,,In-house,,,,,,,,,,,,,,,,,,,,,,,,"Not using Turing-complete code for smart contracts, but rather a well defined set of atomic operations on assets, the ability to define assets with attributes, the ability to have multiple chains in one deployment, and the ability to stream encrypted data into the chains.",Healthcare and Social Assistance,,Expansion into other industry/sector,Expansion into other industry/sector,,,,,,,1,2,,,,0,0,50,50,0,0,0,100,0,0,0,0,0,100,0,0,0,By entering consulting or pre-commercial procurement projects backed by H2020 european funds,Consulting and training fees,Currently,Multichain,,Currently,Clusterdigital Catalunya,,Currently,Ciudad de Buenos Aires Education,,,,,,,,,,,2,,4,5,4,4,5,2,,,2,5,5,5,5,2,5,2,2,2,4,5,5,5,,,3-5 years,1-2 years,,Yes
22,Germany,Aachen,Germany,Europe,Europe,2016,2016,0,Non-native,For-profit,Application,"Consulting services (e.g. strategy, education, training),Middleware services (e.g. software development platform),Integration of existing protocol frameworks to build networks for customers ,Application development for existing networks",,331.00,0.50,346.00,1.00,380.00,1.00,0.00,0.00,0.00,Small,20,60,0,20,0,0,,Proprietary,,,,,,,,,,,,,,,,,,,,,,,,,,,,,,,,,,,,,,,,,,,,,,,,,Datennotar,Aug-16,,Fully closed-source,,,,Don't know,"Feasibility studies,Solution design,Systems engineering,Blockchain software development,Professional certifications",,,,,,,In-house,,,,,,,,,,,,,,,,,,,,,,,,"Maturity, Documentation, Architecture, Protocol Features","Utilities,Educational Services,Public Administration",,Expansion into other industry/sector,Expansion into other industry/sector,,,,,,1,4,1,,,,0,0,100,0,0,0,0,100,0,0,10,0,0,90,0,0,0,plans to build a cooperative,Other,Currently,Multichain,,Currently,SOVRIN,,,,,,,,,,,,,,4,GDPR Issues,3,3,4,3,2,2,,,4,3,4,1,3,3,4,2,2,3,3,3,5,3,,,1-2 years,3-5 years,,Yes
23,USA,Armonk,USA,North America,North America,,2016,,Non-native,For-profit,"Protocol,Network,Application","Consulting services (e.g. strategy, education, training),Development and/or maintenance of a core protocol framework (e.g. Hyperledger Fabric),Middleware services (e.g. software development platform),Integration of existing protocol frameworks to build networks for customers ,Application development for existing networks,Other (please specify):",Operation of business networks,,100.00,,800.00,,1600.00,,,,Large,,,,,,,,Open Source,Hyperledger Fabric,Jul-15,Feb-16,Hyperledger: Fabric and Composer. Also running nodes on the Stellar network,Fully open-sourced:,Apache 2.0,,,,Completely written from scratch,,,,"Targeting a specific industry/use case, but suitable for other industries and use cases as well (please specify):",,,Written as a cross-industry technology but with heavy emphasis in Financial Services in its initial development,"Multi-channel data diffusion: only a select set of nodes receive, validate and store particular transactions",Pls see Fabric description on Hyperledger.org,Local: consensus within a 'channel' or subnetwork,Pls see Fabric description on Hyperledger.org,Other (please specify):,"Kafka, crash fault-tolerant",Existing general-purpose language(s) (e.g. Java):,,"GoLang, Java script, Java",,"Pls see Fabric description on Hyperledger.org (GoLang, Java script, Java)",Yes (please specify):,EVM,,Pls see Fabric description on Hyperledger.org,,Currently supported,,,Currently supported,Identity Mixer,,Currently supported,Currently supported,,,,15,,Sequential execution,3560,Hyperledger Composer,2016,2017,Fully open-sourced:,Apache 2.0,,,,"Feasibility studies,Strategy assessment,Risk management,Solution design,Regulatory and compliance services,Strategy and impact,Systems engineering,Blockchain software development,Professional certifications,Other (please specify):",Network Operation,"In-house,External / outsourced",,,,,,,,,,,In-house,DTCC TIW project,,,,,,,,,,,,,,In-house,Stellar,"As per work on payments, Stronghold etc","Business requirements and rationale, technical characteristics, consistency with our strategy etc.",Other (please specify):,Cross industry but with an initial heavy focus on Financial Services,,,,,,,,,,,,400,500,2,28,33,0,7,30,0,100,,,,,,,,,,"Building and Operational Services including consulting, development, and managed infrastructure (IBM Blockchain Platform)","Consulting and training fees,Infrastructure fees",Currently,CLS (Ledger Connect),,Currently,"Hypeledger.org, WeTrade, Batavia, IFT (food trust)",,,,,,,,Currently,"IBM Food Trust, TradeLens (with Maersk)",,,,,2,,4,4,2,1,4,3,,,4,2,2,2,4,2,4,5,2,4,3,4,2,4,,,1-2 years,3-5 years,"For IBM, we expect multiple networks to be in production in 2018 including CLS Net, Wetrade etc. This will further scale in 2019.",No
24,USA,New York,USA,North America,North America,2014,2018,4,Native,For-profit,"Protocol,Network,Application",Other (please specify):,We are a full-stack DLT software development firm,72.00,72.00,128.00,128.00,149.00,149.00,1.00,1.00,1.00,Large,75,0,0,10,3,12,"HR, Operations, Finance, Program Management, Tech Support",,,,,,,,,,,,,,,,,,,,,,,,,,,,,,,,,,,,,,,,,,,,,,,,,,,,,,,,,,,,,,,,,,,,,,,,,,,,,,,,,,,,,,,,,,,,,,,,,,,,,,,,,0,33,33,0,0,33,1,100,0,5,0,90,5,0,0,0,0,By licensing software.,License fees,"Currently,On roadmap (next 12 months)","Application, integration and consulting partner program in place",,Currently,Member of Hyperledger,,,n/a,,"Currently,On roadmap (next 12 months)",With our partners,,,,,Currently,DAML developer preview program,,3,,2,2,5,2,5,3,,,4,5,5,2,3,2,3,3,2,5,3,2,4,5,,,3-5 years,6-10 years,"Answers cannot be provided to question D.1 without NDA, so they have been marked as n/a.",Yes
25,UK,London,UK,Europe,Europe,2015,2018,3,Native,For-profit,"Protocol,Network,Application","Consulting services (e.g. strategy, education, training),Development and/or maintenance of a core protocol framework (e.g. Hyperledger Fabric),Application development for existing networks",,10.00,10.00,35.00,35.00,80.00,80.00,1.00,1.00,1.00,Large,82,5,5,3,3,0,,Proprietary,SETL Blockchain,Jun-14,Jun-15,N/A,Fully closed-sourced,,,,Very unlikely,Completely written from scratch,,,,Specifically designed for a particular industry/use case (please specify):,Financial Services,,,"Global data diffusion: every node receives, validates and stores every transaction",,Global: consensus at the system-level,,,RULES-BASED,Existing general-purpose language(s) (e.g. Java):,,,,,Yes (please specify):,THE BASE LAYER HAS BEEN BUILT TO INTEGRATE WITH WORKFLOW ENGINES,,,Currently supported,Currently supported,,,,,,,Currently supported,,,,Unlimited,Unlimited,NOT YET ENCOUNTERED,20000,SETL Blockchain,Jun-14,Jun-15,Fully closed-source,,,,Very unlikely,"Strategy assessment,Solution design,Strategy and impact",,,,,,,,,,,,,,,,,,,In-house,,,,,,,,,,,,,"Banking, Financial Markets and Insurance",,No pivot/expansion,No pivot/expansion,,,,,,0,2,3,,,,0,0,80,0,0,20,0,100,0,0,0,100,0,0,0,0,0,"Primarily through building, owning, and operating market infrastructure",Infrastructure fees,,,,,,,,,,,,,,,,,,,,,,,,,,,,,5,4,4,3,4,5,3,4,3,4,2,3,2,2,,,1-2 years,3-5 years,,Yes
26,France,Bezons,France,Europe,Europe,2013,2018,5,Non-native,For-profit,"Protocol,Network,Application","Consulting services (e.g. strategy, education, training),Middleware services (e.g. software development platform),Integration of existing protocol frameworks to build networks for customers ,Application development for existing networks,Other (please specify):",Evolution and enhancements of existing core protocol frameworks,,,,,,,,,,,40,20,15,15,5,5,Research & Education,Open core,,,,,,,,,,,,,,,,,,,,,,,,,,,,,,,,,,,,,,,,,,,,,,,,,Origin,,Mar-18,Majority open-sourced:,,,,Very likely,"Feasibility studies,Strategy assessment,Risk management,Solution design,Strategy and impact,Systems engineering,Blockchain software development,Other (please specify):",Education & trainings,In-house,,,,,In-house,,,,,,,,,,In-house,,,,,,,,In-house,,,,"Cardano, Ripple, Ethereum, Bitcoin",,"We analyze thoroughly the project/customer need and clearly define the ""role"", ""attributes"", ""parties"" and overall data workflow of it. Then the choice of the core protocol usually imposes itself.","Agriculture, Forestry, Fishing and Hunting,Utilities,Manufacturing,Wholesale Trade,Retail Trade,Transportation and Warehousing,Information,Banking, Financial Markets and Insurance,Professional, Scientific, and Technical Services,Administrative and Support and Waste Management and Remediation Services,Educational Services,Healthcare and Social Assistance,Arts, Entertainment, and Recreation,Accommodation and Food Services,Public Administration",,Expansion into other industry/sector,Expansion into other industry/sector,,,,,,,,,,,,0,40,40,0,0,20,0,100,0,0,30,50,0,20,0,0,0,"It's a blockchain-fueled product we sell like other ""classical"" project.",,Currently,Multichain,,Currently,Alastria,,,,,,,,,,,Currently,Bureau Veritas,Origin product business partner,3,,1,1,2,1,1,1,5,Wise use of DLT systems,4,5,4,3,4,4,3,2,1,1,3,4,4,4,,,1-2 years,3-5 years,"There is still a very high percentage of ""customers"" that think they understand blockchain and come to us asking for 'Smart Contracts' while they have no clue what they're talking about. The great publicity around the topic and the impressive amount of (very weak) articles available on the blockchain leads the market to misunderstand and misuse blockchain while the (indeed limited) obvious and added-value usages of the blockchain pain to find their way to the general population. That's why it takes more time for blockchain to find its usages and customers than originally expected by most.",Yes
27,UK,London,UK,Europe,Europe,2017,2018,1,Native,For-profit,"Network,Application","Integration of existing protocol frameworks to build networks for customers ,Application development for existing networks",,,,3.00,1.00,4.00,2.00,,0.33,0.50,Small,60,40,0,0,0,0,,Open core,,,,,,,,,,,,,,,,,,,,,,,,,,,,,,,,,,,,,,,,,,,,,,,,,Capexmove,Jul-17,Dec-18,Minority open-sourced:,,,,Very unlikely,,,,,,,,,,,,,,,,,,,,,,,,,,,,,In-house,Ethereum,,"Wide adaption, strong developer community","Banking, Financial Markets and Insurance",,No pivot/expansion,No pivot/expansion,,,,,,,1,2,,,,0,0,80,0,0,10,10,100,80,10,10,0,0,0,0,0,0,Self funded / pre-revenue,,Currently,,,,,,Currently,,,,,,,,,,,,1,,3,4,2,2,4,4,,,,,,,,2,4,3,5,3,4,2,3,4,,,1-2 years,3-5 years,,Yes
29,Argentina,Buenos Aires,Argentina,LAC,LAC,2015,2016,1,Non-native,For-profit,"Protocol,Application","Consulting services (e.g. strategy, education, training),Development and/or maintenance of a core protocol framework (e.g. Hyperledger Fabric),Middleware services (e.g. software development platform),Integration of existing protocol frameworks to build networks for customers ,Application development for existing networks",,12.00,6.00,25.00,15.00,43.00,33.00,0.50,0.60,0.77,Medium,75,17,3,6,0,0,,Open Core,ETC,May-17,Mar-18,Cardano,Majority open-sourced:,,,,Not applicable,Substantially based on existing protocol framework:,Ethereum,,,General-purpose: suitable for any industry and use case,,,,"Global data diffusion: every node receives, validates and stores every transaction",,Global: consensus at the system-level,,Proof-of-Stake (PoS),,New general-purpose smart contract language(s) (e.g. Solidity):,Solidity and Plutus,,,,Yes (please specify):,EVM,,,Currently supported,,,,,,,,,,,,,,,,Circle of angel,Jan-18,Jan-19,Fully open-sourced:,,,,Not applicable,"Strategy assessment,Risk management,Solution design,Strategy and impact,Systems engineering,Blockchain software development",,In-house,,,,,,,,,,,,,,,,,,,,,,,,,,,,,,"Agriculture, Forestry, Fishing and Hunting,Information",,,,,,,,,1,3,8,,,,0,11,49,39,0,1,0,100,25,7,18,12,6,26,7,0,0,We monetise with the hours of a Expert in Blockchain,Consulting and training fees,"Currently,On roadmap (next 12 months)",ONG Bitcoin Argentina,,,,,,,,,,,,,,,,,3,,5,4,1,2,4,3,,,5,4,,2,3,5,4,3,2,5,4,4,2,1,,,3-5 years,6-10 years,,Yes
30,USA,Brooklyn,USA,North America,North America,2015,2016,1,Native,For-profit,"Protocol,Network",Development and/or maintenance of a core protocol framework (e.g. Hyperledger Fabric),,5.00,5.00,10.00,10.00,20.00,20.00,1.00,1.00,1.00,Medium,79,11,0,10,0,0,,Open Source,Quorum,Oct-15,Oct-16,,Fully open-sourced:,GPL,,,,Substantially based on existing protocol framework:,Ethereum,,,General-purpose: suitable for any industry and use case,,,,"Global data diffusion: every node receives, validates and stores every transaction",,Customisable by network operators,,"Practical Byzantine Fault Tolerance (PBFT),Raft,Proof-of-Elapsed-Time (PoET)",,"New general-purpose smart contract language(s) (e.g. Solidity):,Existing general-purpose language(s) (e.g. Java):",Solidity,extensions into everything ethereum supports,,,Yes (please specify):,,,,On roadmap (next 12 months),Currently supported,Currently supported,Currently supported,On roadmap (next 12 months),,,,On roadmap (next 12 months),,,,Raft: 200-300. IBFT: 1000+,Raft: NA. IBFT: 2n+1,"For raft: interconnectivity, for IBFT, amount of validators",Raft: around 1000 txn/sec. IBFT: 400-500 txn/sec,,,,,,,,,,,,,,,,,,,,,,,,,,,,,,,,,,,,,,,,,,,,,,,,,,,,,1,5,20,0,0,0,0,0,0,100,100,50,10,10,5,20,5,0,0,,NA,,Currently,EEA,,Currently,EEA,,Currently,"Ubin, Khokhla",,Currently,,,Currently,,,,,,3,,2,4,2,4,4,1,,,3,5,5,3,4,3,4,4,1,2,1,2,4,4,,,1-2 years,3-5 years,,Yes
31,USA,New York,USA,North America,North America,2014,2016,2,Native,Consortium,Protocol,Development and/or maintenance of a core protocol framework (e.g. Hyperledger Fabric),,65.00,65.00,150.00,150.00,190.00,190.00,1.00,1.00,1.00,Large,42,11,15,15,18,0,,Open Source,Corda,Sep-15,Nov-16,,Fully open-sourced:,Apache 2.0,,,,Completely written from scratch,,,,General-purpose: suitable for any industry and use case,,,,Other (please specify):,Peer-to-peer,Customisable by network operators,,"Practical Byzantine Fault Tolerance (PBFT),Federated Byzantine Agreement (FBA),Round-Robin scheme,Raft,Paxos,Proof-of-Elapsed-Time (PoET),Node-to-Node (N2N),Other (please specify):",Notary clusters,Existing general-purpose language(s) (e.g. Java):,,"Any JVM language, such as Kotlin or Java",,,Yes (please specify):,JVM,,,Currently supported,Currently supported,On roadmap (next 12 months),On roadmap (next 12 months),On roadmap (next 12 months),range proofs,,On roadmap (next 12 months),Currently supported,,On roadmap (next 12 months),Intel Software Guard Extension (SGX),Unlimited,Unlimited,"There's no obvious practical scaling limit on the consensus cluster ‚Äì Corda is engineered so that the ultimate scaling limit is the capacity of a consensus cluster and, uniquely, Corda supports multiple consensus clusters on the same network, leading to a lack of an upper bound.",Unlimited,,,,,,,,,,,,,,,,,,,,,,,,,,,,,,,,,,,,,,,,,,,,,,,75,2160,3755,20,62,39,14,123,155,6,29,25,7,6,27,0,100,2,14,20,35,11,11,6,2,0,"Corda Enterprise Software Licenses
Professional Services
Consortium Membership","Membership fees,Consulting and training fees,License fees",Currently,"Amazon Web Services, HPE, more available https://www.r3.com/ecosystem/","Our ecosystem has 200+ entities involved, from global banks, to major cloud providers, software integrators, to small ISVs",Currently,"R3,  Hyperledger, Marco Polo, Voltron, B3i, Riskblock,",,Currently,"Bank of Canada, Bank of England, Bank of Thailand, Monetary Authority of Singapore, Hong Kong Monetary Authority ",There are many other non-public efforts,Currently,HQLA-X,,Currently,,,Currently,"Finastra Lendercomm (syndicated loans), Tradewind Markets (gold), GuildOne (oil), HSBlox (healthcare) ",more information available https://www.r3.com/success-stories/,4,,4,3,5,3,2,4,,,2,4,5,2,3,1,3,2,3,3,2,2,3,4,,,3-5 years,3-5 years,"Traditional permission-less blockchain platforms-in which all data is shared with all parties-have issues around privacy, scalability, and interoperability that render them largely unsuited for global businesses. At R3, we rethought the blockchain concept from top to bottom and in 2016 we launched Corda, our open source blockchain platform. Recently, in 2018, we introduced Corda Enterprise-a commercial version of Corda specifically optimized to meet the demands of modern day businesses.",Yes
32,Argentina,Buenos Aires,Argentina,LAC,LAC,2017,2017,,Native,For-profit,Application,Application development for existing networks,,,,4.00,1.00,6.00,2.00,,0.25,0.33,Small,56,22,0,22,0,0,,,,,,,,,,,,,,,,,,,,,,,,,,,,,,,,,,,,,,,,,,,,,,,,,,,,,,,,,,,,,,,,,,,,,,,,,,,,,,,,,,,,,,,,,,"High transaction throughput, validation speed and low transaction fees","Wholesale Trade,Retail Trade",,No pivot/expansion,No pivot/expansion,,,,,,0,3,1,,,,0,0,0,100,0,0,0,100,80,0,20,0,0,0,0,0,0,,,,,,,,,Currently,Municipalities in Argentina,,,,,,,,,,,,,4,4,4,5,2,2,,,4,4,3,3,4,4,3,3,3,3,4,4,2,4,,,3-5 years,6-10 years,,Yes
33,Germany,Frankfurt,Germany,Europe,Europe,2014,2016,2,Native,For-profit,"Network,Application","Consulting services (e.g. strategy, education, training),Middleware services (e.g. software development platform),Integration of existing protocol frameworks to build networks for customers ,Application development for existing networks",,8.00,5.00,15.00,10.00,20.00,15.00,0.63,0.67,0.75,Medium,70,25,0,5,0,0,,Open core,,,,,,,,,,,,,,,,,,,,,,,,,,,,,,,,,,,,,,,,,,,,,,,,,micobo Corda CSSD Platform,Nov-17,May-18,Majority open-sourced:,,,,Very likely,"Feasibility studies,Strategy assessment,Solution design,Strategy and impact,Systems engineering,Blockchain software development,Professional certifications,Other (please specify):",R3 Corda focussed consulting / Tokenization / Code Audits,,,,In-house,Main Focus,,,,,,,,,,,"In-house,External / outsourced",,,,,,,,,,,"In-house,External / outsourced",Ethereum,,"Interoperability, Design Concept, existing Feature set (DLT Blueprint)
","Utilities,Information,Banking, Financial Markets and Insurance,Educational Services",,No pivot/expansion,Expansion into other industry/sector,,,,,,,,,,,,0,20,80,0,0,0,0,100,0,0,15,80,0,0,5,0,0,Consulting services,Consulting and training fees,"Currently,On roadmap (next 12 months)",,,"Currently,On roadmap (next 12 months)",,,,,,On roadmap (next 12 months),,,On roadmap (next 12 months),,,,,,3,,4,4,1,4,2,1,,,5,4,5,2,4,3,4,4,3,3,3,4,5,4,,,More than 10 years,Cannot predict,,Yes
34,Switzerland,Zurich,Switzerland,Europe,Europe,2017,2018,1,Native,For-profit,"Network,Application","Consulting services (e.g. strategy, education, training),Middleware services (e.g. software development platform),Integration of existing protocol frameworks to build networks for customers ,Application development for existing networks",,,,225.00,12.00,310.00,85.00,,0.05,0.27,Large,29,10,8,9,1,44,Technical support and Administrative ,Open core,,,,,,,,,,,,,,,,,,,,,,,,,,,,,,,,,,,,,,,,,,,,,,,,,KompiTech Blockchain Infrastructure Platform,Jan-18,Sep-18,Majority open-sourced:,,,,Not applicable,"Strategy assessment,Solution design,Systems engineering,Blockchain software development",,In-house,Fabric ,,,,,,,,,,,,,,,,,,,,,,,,,,,,,No: cross-industry,,,,,,,,,,,,,,,0,11,50,10,9,20,0,100,8,34,28,29,0,0,0,0,0,Per transaction ,Transaction fees,On roadmap (next 12 months),,,,,,,,,,,,,,,,,,1,,1,1,1,1,1,1,4,Issue with educating the target audience,5,4,4,2,2,1,4,4,4,4,1,4,4,4,,,3-5 years,1-2 years,,Yes
35,India,Bangalore,India,APAC,APAC,2015,2016,1,Non-native,For-profit,"Network,Application","Consulting services (e.g. strategy, education, training),Middleware services (e.g. software development platform),Integration of existing protocol frameworks to build networks for customers ,Application development for existing networks,Other (please specify):",Ecosystem Services - Business Consortia - Construct & Operate blockchain network,172912.00,350.00,160000.00,807.00,165659.00,3010.00,0.00,0.01,0.02,Large,54,25,10,5,1,6,R&D,Proprietary,,,,,,,,,,,,,,,,,,,,,,,,,,,,,,,,,,,,,,,,,,,,,,,,,Blockchain Lab as a Service,Jun-17,Mar-18,Fully closed-source,,,,Unlikely,"Feasibility studies,Strategy assessment,Risk management,Solution design,Regulatory and compliance services,Strategy and impact,Systems engineering,Other (please specify):",Blockchain Academy,In-house,"Fabric, Indy, Sawtooth ",,In-house,,In-house,,,,,,,,,,In-house,,,,,,,,In-house,"BigChainDB, Parity",,In-house,"Stellar, Ethereum",,"Type of blockchain (public permissioned or Hybrid model), support for consensus, cryptocurrency, smart contracts, maturity or availability of development tools and integration mechanisms and comparison of non-functional requirements of a Blockchain platform related to performance and scalability","Agriculture, Forestry, Fishing and Hunting,Mining, Quarrying, and Oil and Gas Extraction,Utilities,Construction,Manufacturing,Wholesale Trade,Retail Trade,Transportation and Warehousing,Information,Banking, Financial Markets and Insurance,Real Estate and Rental and Leasing,Professional, Scientific, and Technical Services,Management of Companies and Enterprises,Administrative and Support and Waste Management and Remediation Services,Educational Services,Healthcare and Social Assistance,Arts, Entertainment, and Recreation,Accommodation and Food Services,Public Administration",,Expansion into other industry/sector,Expansion into other industry/sector,,,,,,17,33,29,,,,2,18,31,3,8,38,0,100,7,5,12,55,5,8,5,3,0,"We provide blockchain thought to finish services to our client through our offerings - Ecosystem Services, Consulting and Advisory Services, Platform Services & Application Services","Consulting and training fees,Infrastructure fees",Currently,,,Currently,,,Currently,,,Currently,,,Currently,,,,,,3,,4,5,2,4,5,4,,,5,4,5,2,4,2,4,5,2,5,4,4,4,4,,,1-2 years,3-5 years,,Yes
36,UK,London,USA,Europe,North America,,2018,,Non-native,For-profit,Protocol,"Consulting services (e.g. strategy, education, training),Development and/or maintenance of a core protocol framework (e.g. Hyperledger Fabric)",,136000.00,0.00,138000.00,4.00,137000.00,12.00,0.00,0.00,0.00,Medium,24,20,50,5,1,0,,Open Core,Hyperledger Fabric,Jul-17,Jun-18,,Majority open-sourced:,,Apache 2.0,,Likely,Substantially based on existing protocol framework:,Hyperledger Fabric,,,General-purpose: suitable for any industry and use case,,,,Customisable by network operators,,Customisable by network operators,,Practical Byzantine Fault Tolerance (PBFT),,Existing general-purpose language(s) (e.g. Java):,,"Go, NodeJS",,,Yes (please specify):,A full docker container,,,,Currently supported,,,On roadmap (next 12 months),ZKAT,,,Currently supported,On roadmap (next 12 months),Currently supported,Side DBs also allowed,1000,200,"Validation, great paper https://arxiv.org/pdf/1805.11390.pdf",1320,Oracle Autonomous Blockchain Cloud Service,Jul-17,Jun-18,Majority open-sourced:,,Apache Licence 2.0,,Unlikely,"Feasibility studies,Strategy assessment,Solution design,Strategy and impact",,In-house,Fabric,,,,,,,,,,,,,,,,,,,,,,,,,,,,"Open source, permissioned, multiple industries, privacy features",No: cross-industry,,No pivot/expansion,No pivot/expansion,,,,,,,40,80,,0,4,5,20,20,0,20,20,15,100,0,8,0,82,0,10,0,0,0,Billing in transaction blocks. Units of 500 transactions per hour.,Transaction fees,Currently,Specialist partners,Within our partnership program,,,,On roadmap (next 12 months),Not allowed to specify which until announced,,,,,,,,,,,3,,3,2,4,1,4,5,,,4,5,5,2,3,2,3,5,4,5,3,4,4,5,5,Governance of business networks is immature,Less than one year,1-2 years,,Yes
37,Germany,Munich,Germany,Europe,Europe,2015,2017,2,Non-native,For-profit,"Network,Application","Consulting services (e.g. strategy, education, training),Middleware services (e.g. software development platform),Integration of existing protocol frameworks to build networks for customers ",,15.00,3.00,40.00,10.00,70.00,15.00,0.20,0.25,0.21,Medium,12,33,0,7,24,24,Tax,Open core,,,,,,,,,,,,,,,,,,,,,,,,,,,,,,,,,,,,,,,,,,,,,,,,,Certificate Trading,Feb-17,Dec-17,Minority open-sourced:,,,,Very likely,"Feasibility studies,Strategy assessment,Solution design,Regulatory and compliance services,Strategy and impact,Systems engineering,Blockchain software development",,In-house,,,In-house,,,,,,,,,,,,,,In-house,,,,,,,,,,,,,No: cross-industry,,Complete pivot,Complete pivot,,,,,,3,24,40,,,,0,10,90,0,0,0,0,100,0,0,33,33,0,34,0,0,0,,,Currently,,,Currently,,,Currently,,,,,,Currently,,,,,,4,,4,4,4,4,4,4,,,5,4,4,4,3,1,3,5,3,5,3,4,4,3,,,Less than one year,1-2 years,,No
38,Belgium,Brussels,Belgium,Europe,Europe,2014,2014,0,Non-native,For-profit,Application,"Middleware services (e.g. software development platform),Integration of existing protocol frameworks to build networks for customers ,Application development for existing networks",,40.00,4.00,60.00,8.00,117.00,28.00,0.10,0.13,0.24,Medium,80,9,9,2,0,0,,Open Core,,,,,,,,,,,,,,,,,,,,,,,,,,,,,,,,,,,,,,,,,,,,,,,,,Catalyst ,Dec-17,Apr-18,Minority open-sourced:,,,Apache License 2.0,Likely,,,In-house,,,In-house,,,,,,,,,,,,In-house,,,,In-house,,,,,,,,,,Client demand + partnership relations ,"Banking, Financial Markets and Insurance",,Expansion into other industry/sector,Expansion into other industry/sector,,,,,,1,2,5,,,,0,0,90,0,0,10,0,100,0,0,0,80,0,20,0,0,0,"No monetisation; reliant on venture capital investment ($2M)
Bootstrapping (current paid projects by clients)
",,Currently,"R3, Digital Asset, IBM, Oracle",,Currently,"Hyperledger, Infrachain ",,,,,,,,,,,,,,4,,2,2,4,2,5,5,,,5,4,5,2,4,2,3,4,3,4,3,3,3,4,,,1-2 years,1-2 years,,Yes
39,France,Lille,France,Europe,Europe,2014,2017,3,Native,For-profit,"Network,Application","Middleware services (e.g. software development platform),Application development for existing networks",,5.00,3.00,10.00,3.00,15.00,4.00,0.60,0.30,0.27,Small,68,0,6,14,6,6,Administration,Proprietary,,,,,,,,,,,,,,,,,,,,,,,,,,,,,,,,,,,,,,,,,,,,,,,,,Blockchainiz,Oct-16,Apr-17,Fully closed-source,,,,,,,,,,,,,,,,,,,,,,,,,,,,,,,,,In-house,Ethereum,,Capacity to build a software on it,"Banking, Financial Markets and Insurance",,Complete pivot,No pivot/expansion,Additionnal software which manages unlisted securities,,,,,3,3,5,0,1,2,0,0,100,0,0,0,0,100,0,0,10,90,0,0,0,0,0,flate rate and fees/operation realized on blockchain,,,,,Currently,Caisse des depots et consignations,,,,,,,,,,,,,,4,,4,4,2,4,2,4,,,4,4,4,4,4,3,2,2,3,3,4,4,2,4,,,6-10 years,3-5 years,,No
40,USA,New York,USA,North America,North America,2017,2018,1,Native,For-profit,"Network,Application","Integration of existing protocol frameworks to build networks for customers ,Application development for existing networks",,,,5.00,5.00,15.00,15.00,,1.00,1.00,Medium,50,10,5,30,5,0,,Proprietary,,,,,,,,,,,,,,,,,,,,,,,,,,,,,,,,,,,,,,,,,,,,,,,,,,Sep-17,Dec-18,Fully closed-source,,,,Unlikely,,,In-house,,,In-house,,In-house,,,,,,In-house,,,,In-house,,,,In-house,,,,,,,,,,A ledger appropriateness framework - multi-dimension framework to decide on most appropriate protocol for a particular app / usage.,"Banking, Financial Markets and Insurance",,No pivot/expansion,Expansion into other industry/sector,,,,,,0,1,2,,,,0,0,0,0,0,100,0,100,0,0,0,100,0,0,0,0,0,Enterprise software subscription,License fees,"Currently,On roadmap (next 12 months)",,,,,,On roadmap (next 12 months),,,"Currently,On roadmap (next 12 months)",,,On roadmap (next 12 months),,,,,,4,,5,4,5,5,4,4,,,4,4,5,2,2,2,4,5,4,4,4,5,4,3,,,1-2 years,3-5 years,,Yes
41,Netherlands,Amsterdam,Netherlands,Europe,Europe,2015,2017,2,Native,For-profit,"Protocol,Network","Consulting services (e.g. strategy, education, training),Development and/or maintenance of a core protocol framework (e.g. Hyperledger Fabric),Middleware services (e.g. software development platform),Integration of existing protocol frameworks to build networks for customers ",,400.00,40.00,550.00,70.00,700.00,120.00,0.10,0.13,0.17,Large,70,5,10,10,5,10,"Analysts, PMs, Community managers, etc.","Open Source,Open Core",Exonum,Mar-16,Jul-17,,Fully open-sourced:,Apache 2.0,,,,Completely written from scratch,,,,"Targeting a specific industry/use case, but suitable for other industries and use cases as well (please specify):",,Government,,"Global data diffusion: every node receives, validates and stores every transaction",,Global: consensus at the system-level,,Practical Byzantine Fault Tolerance (PBFT),,Existing general-purpose language(s) (e.g. Java):,,"Rust, Java",,,Yes (please specify):,"EVM, Other VMs",,"We had experiments attaching EVM and other VMs, some will be released in future",Currently supported,On roadmap (next 12 months),On roadmap (next 12 months),,,,,On roadmap (next 12 months),Currently supported,,,,Unlimited,~16,Consensus,17000,Exonum projects,Oct-16,,Minority open-sourced:,,,,Don't know,"Feasibility studies,Strategy assessment,Solution design,Strategy and impact,Systems engineering,Blockchain software development",,,,,,,,,,,In-house,We are Exonum,,,,,,,,,,,,,,,,,,,,"Real Estate and Rental and Leasing,Healthcare and Social Assistance,Public Administration",,Expansion into other industry/sector,,Made government as priority,,,,,1,7,7,1,3,8,0,0,66,15,9,10,0,100,0,12,11,16,0,45,16,,,,,Currently,,,,,,Currently,,,Currently,,,Currently,,,,,,4,private key management,5,2,4,4,4,3,,,4,5,5,1,5,2,5,2,4,4,4,4,5,5,,,3-5 years,1-2 years,,Yes
43,USA,San Jose,USA,North America,North America,2013,2014,1,Native,For-profit,"Protocol,Network,Application","Development and/or maintenance of a core protocol framework (e.g. Hyperledger Fabric),Middleware services (e.g. software development platform),Other (please specify):",We provide a Blockchain inspired Big Data platform and business applications ,30.00,28.00,45.00,43.00,52.00,50.00,0.93,0.96,0.96,Medium,25,0,25,25,0,25,Product Management,Open Core,Cuneiform,Dec-14,Feb-16,,Minority open-sourced:,,,,Likely,Completely written from scratch,,,,"Targeting a specific industry/use case, but suitable for other industries and use cases as well (please specify):",,Financial Sector,,"Multi-channel data diffusion: only a select set of nodes receive, validate and store particular transactions",,Customisable by network operators,,"Paxos,Other (please specify):","All data pertaining to transactions, reference data, and data transformations are immutable using RFC3161 and will guarantee non-repudiation. 2> (Optional) Transactions can be marked Complete after a regulator like CFTC has additionally cryptographically signed the above events","Existing general-purpose language(s) (e.g. Java):,Fixed-purpose language (e.g. Bitcoin Script, Digital Asset Modelling Language/DAML):",,"Java, GoLang",LDL (Lineage Description Language),,No (please specify):,,Platform provides a Rules Engine (not part of the data layer) for the execution of Turing-complete functions,,Currently supported,Currently supported,,,Currently supported,Redaction and Anchoring,,,Currently supported,,,,Unlimited,,,,Cuneiform,Dec-14,Feb-16,Majority open-sourced:,,,,Don't know,,,,,,,,,,,,,,,,,,,,,,,,,,In-house,Cuneiform,Our implementation of a core protocol Blockchain framework was built completely in-house.,,,,,"Banking, Financial Markets and Insurance",,No pivot/expansion,No pivot/expansion,,,,,,3,2,1,,,,0,0,50,0,0,50,0,100,0,0,0,100,0,0,0,0,0,Software licensing,License fees,"Currently,On roadmap (next 12 months)",With consulting organizations ,,On roadmap (next 12 months),,,,,,"Currently,On roadmap (next 12 months)",With business entity based in Asia-Pacific,,,,,,,,3,,4,5,3,4,5,4,,,4,2,4,2,4,4,2,5,3,3,3,4,3,4,,,1-2 years,3-5 years,,Yes
44,Germany,Berlin,Germany,Europe,Europe,2015,2015,0,Native,For-profit,"Protocol,Network,Application","Development and/or maintenance of a core protocol framework (e.g. Hyperledger Fabric),Integration of existing protocol frameworks to build networks for customers ,Application development for existing networks",,,,,,10.00,10.00,,,1.00,Small,50,20,10,20,0,0,,Open Core,Carpass,Feb-17,May-17,BigchainDB,Minority open-sourced:,,,,Likely,Substantially based on existing protocol framework:,BigchainDB,,,"Targeting a specific industry/use case, but suitable for other industries and use cases as well (please specify):",,IoT Data Audit Trails and Digital Twinning across industries,,Customisable by network operators,,Global: consensus at the system-level,,Other (please specify):,Tendermint,,,,,,Other (please specify):,,,"Yes, but we didn't implement it yet.",Currently supported,Currently supported,,,,,,,Currently supported,,,,20,20,Infrastructure,600,Carpass,Feb-17,May-17,Minority open-sourced:,,,Apache 2.0,Likely,,,,,,,,,,,,,,,,,,,,,,,,,,In-house,BigchainDB,,In-house,Ethereum,,"Strenght of the developer community, technology vision, ability of the community to execute on the vision, milestone track record, the underlying technology itself",No: cross-industry,,Expansion into other industry/sector,Expansion into other industry/sector,"Mobility, Energy, Manufacturing",Health Care,,,,,,10,,,,0,0,70,0,30,0,0,100,0,0,0,100,0,0,0,0,0,"Consulting, PoC project work","Consulting and training fees,Running PoC fees",Currently,"SAP, Consensys, other blockchain start-ups",,Currently,"Renewable Energy, EV Charging",,,,,,,,,,,,,,,,4,4,4,4,3,3,,,5,3,3,2,3,4,3,5,3,3,4,3,3,3,,,Less than one year,,,Yes
45,Ukraine,Kyiv,Ukraine,Europe,Europe,2015,2016,1,Native,For-profit,"Protocol,Network,Application","Development and/or maintenance of a core protocol framework (e.g. Hyperledger Fabric),Integration of existing protocol frameworks to build networks for customers ,Application development for existing networks",,4.00,4.00,8.00,6.00,31.00,22.00,1.00,0.75,0.71,Medium,45,9,12,30,5,0,,Open Source,Smart Money,Jun-16,Apr-17,EOS,Fully open-sourced:,Apache 2.0,,,,Substantially based on existing protocol framework:,Stellar,,,Specifically designed for a particular industry/use case (please specify):,Finance/Banking,,,Customisable by network operators,,Customisable by network operators,,Practical Byzantine Fault Tolerance (PBFT),,,,,,No Smart Contracts,,,,,,,,,,,,,,,,,,,,,,,,,,,,,,,,,,,,,,,,,,,,,,,,,,,,,,,,,,,,,,,,,,,,,,,,,,,,0,0,0,0,0,0,100,100,,,,,,,,,,,,"Currently,On roadmap (next 12 months)",As an EOS Block Producer,,,,,,,,,,,,,,,,,5,"Human errors, man-in-the-middle attacks. However these are not related to blockchain technology and are common to systems.",4,2,2,3,2,4,,,4,5,3,2,3,1,5,2,2,4,4,2,4,5,,,3-5 years,6-10 years,,Yes
46,France,Paris,USA,Europe,North America,2015,2017,2,Native,For-profit,Application,Application development for existing networks,,7.00,2.00,9.00,3.00,12.00,4.00,0.29,0.33,0.33,Small,72,0,10,18,0,0,,Proprietary,,,,,,,,,,,,,,,,,,,,,,,,,,,,,,,,,,,,,,,,,,,,,,,,,Cambridge Blockchain,Jan-17,Jun-19,Fully closed-source,,,,Unlikely,,,In-house,,,"In-house,External / outsourced",,,,,,,,,,,,"In-house,External / outsourced",,"In-house,External / outsourced",,,,,,In-house,Ethereum Enterprise,,,,,,"Banking, Financial Markets and Insurance",,Expansion into other industry/sector,Expansion into other industry/sector,IoT,Supply Chain,,,,,,,,,,0,20,50,0,20,10,0,100,0,0,0,50,24,26,0,0,0,licensing fee,License fees,"Currently,On roadmap (next 12 months)",,system integrators,"Currently,On roadmap (next 12 months)","Banking consortia, EEA",,"Currently,On roadmap (next 12 months)",,Several countries,"Currently,On roadmap (next 12 months)",,Several countries,,,,,,,1,,4,4,1,2,2,4,,,4,4,4,4,2,2,4,4,4,2,2,4,2,2,,,3-5 years,3-5 years,,No
42,USA,Durham,USA,North America,North America,2017,2018,1,Non-native,For-profit,"Protocol,Network,Application","Consulting services (e.g. strategy, education, training),Middleware services (e.g. software development platform),Integration of existing protocol frameworks to build networks for customers ,Application development for existing networks",,,,,,3.00,1.00,,,0.33,Small,33,33,0,33,0,0,,,,,,,,,,,,,,,,,,,,,,,,,,,,,,,,,,,,,,,,,,,,,,,,,,,FoodLogiQ Labs: Food Industry Blockchain Consortium ,Jun-18,,,,,,Likely,"Feasibility studies,Strategy assessment,Strategy and impact",,,,,,,,,,,,,,,,,,,,,,,,,,,,,,,,Other (please specify):,Food and Beverage ,No pivot/expansion,No pivot/expansion,,,,,,,,,,,,0,0,0,0,0,100,0,100,,,20,80,,,,,,SaaS Subscription-Based License ,License fees,On roadmap (next 12 months),,Interoperability with other blockchains focused on the food industry,,,,On roadmap (next 12 months),,US FDA and CDC efforts surrounding traceability,,,,,,,,,,5,,5,5,5,5,5,5,,,5,5,5,4,5,5,5,5,5,5,5,5,5,5,,,3-5 years,6-10 years,Thank you for asking us to participate! ,Yes
47,France,Paris,France,Europe,Europe,,,,Non-native,For-profit,"Network,Application","Middleware services (e.g. software development platform),Integration of existing protocol frameworks to build networks for customers ,Application development for existing networks",,180000.00,2.00,190000.00,5.00,200000.00,10.00,0.00,0.00,0.00,Small,30,20,20,20,10,,,Open Source,,,,,,,,,,,,,,,,,,,,,,,,,,,,,,,,,,,,,,,,,,,,,,,,,KYC Trust,Dec-18,Jul-19,Fully open-sourced:,,,,,,,,,,External / outsourced,,,,,,,,,,,,,,,,,,,,,,,,,,Business-to-business implies no gossip protocol.,"Banking, Financial Markets and Insurance",,Expansion into other industry/sector,Expansion into other industry/sector,,,,,,,,,,,,0,25,25,15,5,30,0,100,,,,,,,,,,,,,,,,,,,,,,,,,,,,,,3,,4,3,1,1,4,3,,,4,5,4,4,5,2,4,5,4,4,2,4,4,4,,,3-5 years,Cannot predict,,No
60,UK,London,UK,Europe,Europe,2015,,,Native,For-profit,Protocol,"Consulting services (e.g. strategy, education, training),Development and/or maintenance of a core protocol framework (e.g. Hyperledger Fabric),Application development for existing networks",,6.00,6.00,7.00,7.00,6.00,6.00,1.00,1.00,1.00,Small,29,29,20,21,0,0,,Open Source,Quorum,Jun-17,Jan-20,,Fully open-sourced:,,,,,Substantially based on existing protocol framework:,,,,Specifically designed for a particular industry/use case (please specify):,capital markets,,,"Multi-channel data diffusion: only a select set of nodes receive, validate and store particular transactions",,Local: consensus within a 'channel' or subnetwork,,,,,,,,,,,,,,,,,,,,,,,,,,,,,,,,,,,,,,,,,,,,,,,,,,,,,,,,,,,,,,,,,,,,,,,,,,,,,,,,,,,,,,,,,,,,,,,,,,,,,,,,,,,,,,,,,,,,,,,,,,,,,,,,,,,,,,,,,,,,,,,,,,,,,,
70,USA,Morrisville,USA,North America,North America,2015,2016,1,Native,For-profit,Application,"Consulting services (e.g. strategy, education, training),Development and/or maintenance of a core protocol framework (e.g. Hyperledger Fabric),Application development for existing networks",,165.00,16.00,180.00,34.00,200.00,48.00,0.10,0.19,0.24,Medium,57,24,7,7,0,7,"recruiting, support",,,,,,,,,,,,,,,,,,,,,,,,,,,,,,,,,,,,,,,,,,,,,,,,,,,,,,,,,,,,,,,,,,,,,,,,,,,,,,,,,,,,,,,,,,,,,,,,,,,,,,,,,,,,,,,,,,,,,,,,,,,,,,,,,,,,,,,,,,,,,,,,,,,,,,,,,,,,,,,,,,,,,,,,,,,
73,China,Guangzhou,China,APAC,APAC,2015,2017,2,Native,For-profit,"Protocol,Network","Development and/or maintenance of a core protocol framework (e.g. Hyperledger Fabric),Middleware services (e.g. software development platform)",,10.00,4.00,18.00,9.00,30.00,15.00,0.40,0.50,0.50,Medium,23,17,10,27,6,17,,,,,,,,,,,,,,,,,,,,,,,,,,,,,,,,,,,,,,,,,,,,,,,,,,,,,,,,,,,,,,,,,,,,,,,,,,,,,,,,,,,,,,,,,,,,,,,,,,,,,,,,,,,,,,,,,,,,,,,,,,,,,,,,,,,,,,,,,,,,,,,,,,,,,,,,,,,,,,,,,,,,,,,,,,,,
81,Australia,Sydney,Australia,APAC,APAC,2016,2016,0,Native,For-profit,"Protocol,Network,Application","Consulting services (e.g. strategy, education, training),Development and/or maintenance of a core protocol framework (e.g. Hyperledger Fabric),Middleware services (e.g. software development platform)",,0.00,0.00,1.00,1.00,6.00,6.00,,1.00,1.00,Small,25,25,25,25,0,0,,,,,,,,,,,,,,,,,,,,,,,,,,,,,,,,,,,,,,,,,,,,,,,,,,,,,,,,,,,,,,,,,,,,,,,,,,,,,,,,,,,,,,,,,,,,,,,,,,,,,,,,,,,,,,,,,,,,,,,,,,,,,,,,,,,,,,,,,,,,,,,,,,,,,,,,,,,,,,,,,,,,,,,,,,,,
82,USA,"Brooklyn, NY",Switzerland,North America,Europe,2015,2015,0,Native,For-profit,"Protocol,Network,Application","Consulting services (e.g. strategy, education, training),Development and/or maintenance of a core protocol framework (e.g. Hyperledger Fabric),Middleware services (e.g. software development platform),Integration of existing protocol frameworks to build networks for customers ,Application development for existing networks,Other (please specify):","Incubator, VC, Academy, Community & Ecosystem Development",100.00,100.00,250.00,250.00,1000.00,1000.00,1.00,1.00,1.00,Large,40,30,10,10,5,5,"Finance, HR, OrgDev, etc.",Open Source,Ethereum: Quorum and Pantheon (Enterprise Focused Versions of Ethereum),Jul-14,Jul-15,,Fully open-sourced:,"GPL/LGPL (Quorum), Pantheon (Apache 2.0)",,,,Substantially based on existing protocol framework:,Ethereum,,,General-purpose: suitable for any industry and use case,,,,"Global data diffusion: every node receives, validates and stores every transaction",,Local: consensus within a 'channel' or subnetwork,,"Raft,Other (please specify):",Istanbul Byzantine Fault Tolerance (IBFT),"New general-purpose smart contract language(s) (e.g. Solidity):,Existing general-purpose language(s) (e.g. Java):",Solidity,Java,,,Yes (please specify):,EVM,,,Currently supported,Currently supported,Currently supported,Currently supported,Currently supported,ZSL (Zero-Knowledge Security Layer),,Currently supported,Currently supported,Currently supported,,,,,,,,,,,,,,,,,,,,,,,,,,,,,,,,,,,,,,,,,,,,,,,,,,,,,,,,,,,,,,,,,,,,,,,,,,,,,,,,,,,,,,,,,,,,,,,,,,,,,,,,,,,,,,,,,,,,,,,,,,,,,,,,
85,USA,"Boise, Idaho",USA,North America,North America,2015,2017,2,Native,For-profit,Protocol,"Development and/or maintenance of a core protocol framework (e.g. Hyperledger Fabric),Integration of existing protocol frameworks to build networks for customers ",,3.00,1.00,5.00,3.00,8.00,4.00,0.33,0.60,0.50,Small,60,5,20,10,5,0,,,,,,,,,,,,,,,,,,,,,,,,,,,,,,,,,,,,,,,,,,,,,,,,,,,,,,,,,,,,,,,,,,,,,,,,,,,,,,,,,,,,,,,,,,,,,,,,,,,,,,,,,,,,,,,,,,,,,,,,,,,,,,,,,,,,,,,,,,,,,,,,,,,,,,,,,,,,,,,,,,,,,,,,,,,,
96,Austria,Vienna,Austria,Europe,Europe,2017,2018,1,Native,For-profit,Application,Other (please specify):,Legal tech application,,,10.00,8.00,10.00,8.00,,0.80,0.80,Small,65,5,30,0,0,0,,,,,,,,,,,,,,,,,,,,,,,,,,,,,,,,,,,,,,,,,,,,,,,,,,,,,,,,,,,,,,,,,,,,,,,,,,,,,,,,,,,,,,,,,,,,,,,,,,,,,,,,,,,,,,,,,,,,,,,,,,,,,,,,,,,,,,,,,,,,,,,,,,,,,,,,,,,,,,,,,,,,,,,,,,,,
99,USA,Nashville,USA,North America,North America,2016,2017,1,Native,For-profit,"Protocol,Network","Consulting services (e.g. strategy, education, training),Application development for existing networks",,4.00,4.00,7.00,7.00,10.00,10.00,1.00,1.00,1.00,Small,30,30,10,10,5,15,Operations,,,,,,,,,,,,,,,,,,,,,,,,,,,,,,,,,,,,,,,,,,,,,,,,,,,,,,,,,,,,,,,,,,,,,,,,,,,,,,,,,,,,,,,,,,,,,,,,,,,,,,,,,,,,,,,,,,,,,,,,,,,,,,,,,,,,,,,,,,,,,,,,,,,,,,,,,,,,,,,,,,,,,,,,,,,
101,Belgium,Diegem,Belgium,Europe,Europe,2015,2015,0,Non-native,For-profit,"Protocol,Network,Application","Consulting services (e.g. strategy, education, training),Development and/or maintenance of a core protocol framework (e.g. Hyperledger Fabric),Integration of existing protocol frameworks to build networks for customers ",,10.00,,10.00,,10.00,,0.00,0.00,0.00,Large,22,21,17,15,13,11,,,,,,,,,,,,,,,,,,,,,,,,,,,,,,,,,,,,,,,,,,,,,,,,,,,,,,,,,,,,,,,,,,,,,,,,,,,,,,,,,,,,,,,,,,,,,,,,,,,,,,,,,,,,,,,,,,,,,,,,,,,,,,,,,,,,,,,,,,,,,,,,,,,,,,,,,,,,,,,,,,,,,,,,,,,,
107,Italy,Via sempione 14,Switzerland,Europe,Europe,2017,2017,0,Non-native,For-profit,"Protocol,Network,Application","Consulting services (e.g. strategy, education, training),Development and/or maintenance of a core protocol framework (e.g. Hyperledger Fabric)",,,,3.00,3.00,5.00,5.00,,1.00,1.00,Small,65,32,0,0,3,0,,,,,,,,,,,,,,,,,,,,,,,,,,,,,,,,,,,,,,,,,,,,,,,,,,,,,,,,,,,,,,,,,,,,,,,,,,,,,,,,,,,,,,,,,,,,,,,,,,,,,,,,,,,,,,,,,,,,,,,,,,,,,,,,,,,,,,,,,,,,,,,,,,,,,,,,,,,,,,,,,,,,,,,,,,,,
117,Switzerland,Lugano,Switzerland,Europe,Europe,,2018,,Non-native,For-profit,Application,"Consulting services (e.g. strategy, education, training)",,,,,,,,,,,,50,50,0,0,0,0,,,,,,,,,,,,,,,,,,,,,,,,,,,,,,,,,,,,,,,,,,,,,,,,,,,,,,,,,,,,,,,,,,,,,,,,,,,,,,,,,,,,,,,,,,,,,,,,,,,,,,,,,,,,,,,,,,,,,,,,,,,,,,,,,,,,,,,,,,,,,,,,,,,,,,,,,,,,,,,,,,,,,,,,,,,,
118,UK,London,UK,Europe,Europe,2018,2018,0,Native,For-profit,Application,Application development for existing networks,,,,,,6.00,4.00,,,0.67,Small,67,17,0,0,0,17,Project Management,Proprietary,,,,,,,,,,,,,,,,,,,,,,,,,,,,,,,,,,,,,,,,,,,,,,,,,CrossVerify,May-18,Dec-18,Fully closed-source,,,,Very unlikely,,,,,,In-house,,,,,,,,,,,,,,,,,,,,,,,,,,"Privacy
Security
Enterprise grade
Standard technologies
Leading cryptography","Banking, Financial Markets and Insurance",,No pivot/expansion,Expansion into other industry/sector,,"Initial focus was banking as this is the low hanging fruit, however there is much traction from outside of this sector.",,,,,,,,,,,,,,,,,,,,,,,,,,,,,,,,,,,,,,,,,,,,,,,,,,,,,,,,,4,4,4,3,4,3,4,4,3,3,3,4,4,4,,,,,,
119,USA,"Durham, NC",USA,North America,North America,"Professional services, software delivery for small projects",2017,,Native,For-profit,"Network,Application",,,0.00,0.00,3.00,3.00,6.00,4.00,,1.00,0.67,Small,,,,,,,,,,,,,,,,,,,,,,,,,,,,,,,,,,,,,,,,,,,,,,,,,,,,,,,,,Emblem Vault,Jul-16,Jul-18,,,,,,,,,,,,,"In-house,External / outsourced",,,,,,,,,,,,,,,,,,,,,,,,,"Agriculture, Forestry, Fishing and Hunting,Banking, Financial Markets and Insurance",,,,,,,,,,,,,,,,,,,,,,,,,,,,,,,,,,On roadmap (next 12 months),we contribute to poen source blockchain projects,,,,,,,,On roadmap (next 12 months),We are co-investing with some companies,,,,,,,,,,5,,3,,,,,,4,5,5,4,3,4,3,2,2,3,3,2,2,5,,,,,,
121,Argentina,Rosario,Argentina,LAC,LAC,2013,2015,2,Native,For-profit,Network,,,5.00,3.00,10.00,7.00,14.00,9.00,0.60,0.70,0.64,Small,,,,,,,,,,,,,,,,,,,,,,,,,,,,,,,,,,,,,,,,,,,,,,,,,,,,,,,,,,,,,,,,,,,,,,,,,,,,,,,,,,,,,,,,,,,,,,,,,,,,,,,,,,,,,,,,,,,,,,,,,,,,,,,,,,,,,,,,,,,,,,,,,,,,,,,,,,,,,,,,,,,,,,,,,,,,,,,,,,
122,Italy,Milan,Italy,Europe,Europe,2015,2017,2,Non-native,For-profit,"Network,Application",,,1460.00,4.00,1468.00,4.00,1474.00,8.00,0.00,0.00,0.01,Small,,,,,,,,,,,,,,,,,,,,,,,,,,,,,,,,,,,,,,,,,,,,,,,,,,,,,,,,,,2015,2017,,,,,,,,"In-house,External / outsourced",,,"In-house,External / outsourced",,,,,,,,,,,,"In-house,External / outsourced",,,,,,,,,,,,,,,"Banking, Financial Markets and Insurance",,,,,,,,,,,,,,,,,,,,,,,,,,,,,,,,,,,,,,,,,,,,,,,,,,,,,,,,,,,,,,,,,,,,,,,,,,,,,,,,,