Employee Name,Employee Number,MarriedID,MaritalStatusID,GenderID,EmpStatus_ID,DeptID,Perf_ScoreID,Age,Pay Rate,State,Zip,DOB,Sex,MaritalDesc,CitizenDesc,Hispanic/Latino,RaceDesc,Date of Hire,Days Employed,Date of Termination,Reason For Term,Employment Status,Department,Position,Manager Name,Employee Source,Performance Score
"Brown, Mia",1103024456,1,1,0,1,1,3,30,28.5,MA,01450,11/24/1987,Female,Married,US Citizen,No,Black or African American,10/27/2008,3317,,N/A - still employed,Active,Admin Offices,Accountant I,Brandon R. LeBlanc,Diversity Job Fair,Fully Meets
"LaRotonda, William  ",1106026572,0,2,1,1,1,3,34,23,MA,01460,4/26/1984,Male,Divorced,US Citizen,No,Black or African American,1/6/2014,1420,,N/A - still employed,Active,Admin Offices,Accountant I,Brandon R. LeBlanc,Website Banner Ads,Fully Meets
"Steans, Tyrone  ",1302053333,0,0,1,1,1,3,31,29,MA,02703,9/1/1986,Male,Single,US Citizen,No,White,9/29/2014,1154,,N/A - still employed,Active,Admin Offices,Accountant I,Brandon R. LeBlanc,Internet Search,Fully Meets
"Howard, Estelle",1211050782,1,1,0,1,1,9,32,21.5,MA,02170,9/16/1985,Female,Married,US Citizen,No,White,2/16/2015,58,4/15/2015,N/A - still employed,Active,Admin Offices,Administrative Assistant,Brandon R. LeBlanc,Pay Per Click - Google,N/A- too early to review
"Singh, Nan ",1307059817,0,0,0,1,1,9,30,16.56,MA,02330,5/19/1988,Female,Single,US Citizen,No,White,5/1/2015,940,,N/A - still employed,Active,Admin Offices,Administrative Assistant,Brandon R. LeBlanc,Website Banner Ads,N/A- too early to review
"Smith, Leigh Ann",711007713,1,1,0,5,1,3,30,20.5,MA,01844,6/14/1987,Female,Married,US Citizen,No,Asian,9/26/2011,730,9/25/2013,career change,Voluntarily Terminated,Admin Offices,Administrative Assistant,Brandon R. LeBlanc,Diversity Job Fair,Fully Meets
"LeBlanc, Brandon  R",1102024115,1,1,1,1,1,3,33,55,MA,01460,6/10/1984,Male,Married,US Citizen,No,White,1/5/2016,691,,N/A - still employed,Active,Admin Offices,Shared Services Manager,Janet King,Monster.com,Fully Meets
"Quinn, Sean",1206043417,1,1,1,5,1,3,33,55,MA,02045,11/6/1984,Male,Married,Eligible NonCitizen,No,Black or African American,2/21/2011,1636,8/15/2015,career change,Voluntarily Terminated,Admin Offices,Shared Services Manager,Janet King,Diversity Job Fair,Fully Meets
"Boutwell, Bonalyn",1307060188,1,1,0,1,1,0,31,34.95,MA,02468,4/4/1987,Female,Married,US Citizen,No,Asian,2/16/2015,1014,,N/A - still employed,Active,Admin Offices,Sr. Accountant,Brandon R. LeBlanc,Diversity Job Fair,90-day meets
"Foster-Baker, Amy",1201031308,1,1,0,1,1,3,39,34.95,MA,02050,4/16/1979,Female,Married,US Citizen,no,White,1/5/2009,3247,,N/A - still employed,Active,Admin Offices,Sr. Accountant,Board of Directors,Other,Fully Meets
"King, Janet",1001495124,1,1,0,1,2,3,63,80,MA,01902,9/21/1954,Female,Married,US Citizen,Yes,White,7/2/2012,1973,,N/A - still employed,Active,Executive Office,President & CEO,Board of Directors,Pay Per Click - Google,Fully Meets
"Zamora, Jennifer",1112030816,0,0,0,1,3,5,38,65,MA,02067,8/30/1979,Female,Single,US Citizen,No,White,4/10/2010,2787,,N/A - still employed,Active,IT/IS,CIO,Janet King,Employee Referral,Exceptional
"Becker, Renee",1102024056,0,0,0,4,3,3,32,43,MA,02026,4/4/1986,Female,Single,US Citizen,Yes,White,7/7/2014,432,9/12/2015,performance,Terminated for Cause,IT/IS,Database Administrator,Simon Roup,Search Engine - Google Bing Yahoo,Fully Meets
"Goble, Taisha",905013738,0,0,0,4,3,3,46,48.5,MA,02127,10/23/1971,Female,Single,US Citizen,No,White,2/16/2015,27,3/15/2015,"no-call, no-show",Terminated for Cause,IT/IS,Database Administrator,Simon Roup,Glassdoor,Fully Meets
"Hernandez, Daniff",1410071156,1,1,1,4,3,9,31,40.1,MA,01960,8/7/1986,Male,Married,US Citizen,No,Black or African American,2/16/2015,6,2/22/2015,"no-call, no-show",Terminated for Cause,IT/IS,Database Administrator,Simon Roup,Employee Referral,N/A- too early to review
"Horton, Jayne",1105025718,0,0,0,1,3,9,34,34,MA,02493,2/21/1984,Female,Single,US Citizen,No,White,3/30/2015,972,,N/A - still employed,Active,IT/IS,Database Administrator,Simon Roup,Glassdoor,N/A- too early to review
"Johnson, Noelle ",1003018246,1,1,0,3,3,0,31,40,MA,02301,11/7/1986,Female,Married,US Citizen,No,Asian,1/5/2015,1056,,N/A - still employed,Leave of Absence,IT/IS,Database Administrator,Simon Roup,Glassdoor,90-day meets
"Murray, Thomas",1406068403,0,2,1,1,3,5,29,35.5,TX,78230,7/4/1988,Male,Divorced,US Citizen,No,Black or African American,11/10/2014,1112,,N/A - still employed,Active,IT/IS,Database Administrator,Simon Roup,Diversity Job Fair,Exceptional
"Pearson, Randall",1102023965,1,1,1,5,3,3,33,41,MA,02747,9/5/1984,Male,Married,US Citizen,No,White,12/1/2014,517,5/1/2016,performance,Voluntarily Terminated,IT/IS,Database Administrator,Simon Roup,Employee Referral,Fully Meets
"Petrowsky, Thelma",1108027853,1,1,0,1,3,5,33,42.75,MA,01886,9/16/1984,Female,Married,US Citizen,No,Asian,11/10/2014,1112,,N/A - still employed,Active,IT/IS,Database Administrator,Simon Roup,Employee Referral,Exceptional
"Roby, Lori ",1407068885,1,1,0,1,3,3,36,39.55,MA,01886,10/11/1981,Female,Married,US Citizen,No,White,2/16/2015,1014,,N/A - still employed,Active,IT/IS,Database Administrator,Simon Roup,Employee Referral,Fully Meets
"Rogers, Ivan",1203032255,1,1,1,1,3,9,31,42.2,MA,01810,8/26/1986,Male,Married,US Citizen,No,White,3/30/2015,972,,N/A - still employed,Active,IT/IS,Database Administrator,Simon Roup,Pay Per Click - Google,N/A- too early to review
"Salter, Jason",1111030148,0,2,1,5,3,0,30,45,MA,02452,12/17/1987,Male,Divorced,US Citizen,No,Black or African American,1/5/2015,299,10/31/2015,hours,Voluntarily Terminated,IT/IS,Database Administrator,Simon Roup,Vendor Referral,90-day meets
"Simard, Kramer",808010278,1,1,1,1,3,0,48,30.2,MA,02110,2/8/1970,Male,Married,US Citizen,Yes,White,1/5/2015,1056,,N/A - still employed,Active,IT/IS,Database Administrator,Simon Roup,Employee Referral,90-day meets
"Zhou, Julia",1110029732,0,0,0,1,3,0,39,31.4,MA,02148,2/24/1979,Female,Single,US Citizen,No,White,3/30/2015,972,,N/A - still employed,Active,IT/IS,Database Administrator,Simon Roup,Employee Referral,90-day meets
"Foss, Jason",1192991000,0,0,1,1,3,5,37,65,MA,01460,7/5/1980,Male,Single,US Citizen,No,Black or African American,4/15/2011,2417,,N/A - still employed,Active,IT/IS,IT Director,Jennifer Zamora,Professional Society,Exceptional
"Roup,Simon",1106026933,0,0,1,1,3,3,45,62,MA,02481,4/5/1973,Male,Single,US Citizen,No,White,1/20/2013,1771,,N/A - still employed,Active,IT/IS,IT Manager - DB,Jennifer Zamora,Professional Society,Fully Meets
"Ruiz, Ricardo",1001175250,0,2,1,5,3,3,54,21,MA,01915,1/4/1964,Male,Divorced,US Citizen,No,Two or more races,1/9/2012,1395,11/4/2015,hours,Voluntarily Terminated,IT/IS,IT Manager - DB,Jennifer Zamora,Diversity Job Fair,Fully Meets
"Monroe, Peter",1011022863,1,1,1,1,3,2,31,63,MA,02134,10/5/1986,Male,Married,Eligible NonCitizen,Yes,Hispanic,2/15/2012,2111,,N/A - still employed,Active,IT/IS,IT Manager - Infra,Jennifer Zamora,Diversity Job Fair,Needs Improvement
"Dougall, Eric",1101023754,0,0,1,1,3,4,47,64,MA,01886,7/9/1970,Male,Single,US Citizen,No,White,1/5/2014,1421,,N/A - still employed,Active,IT/IS,IT Manager - Support,Jennifer Zamora,Professional Society,Exceeds
"Clayton, Rick",1301052902,0,0,1,1,3,3,32,28.99,MA,02170,9/5/1985,Male,Single,US Citizen,No,White,9/5/2012,1908,,N/A - still employed,Active,IT/IS,IT Support,Eric Dougall,Glassdoor,Fully Meets
"Galia, Lisa",1501072093,0,0,0,1,3,3,49,31.4,CT,06040,7/6/1968,Female,Single,US Citizen,No,White,5/1/2010,2766,,N/A - still employed,Active,IT/IS,IT Support,Eric Dougall,Vendor Referral,Fully Meets
"Lindsay, Leonara ",602000312,0,0,0,1,3,4,29,26,CT,06070,10/5/1988,Female,Single,US Citizen,Yes,Two or more races,1/21/2011,2501,,N/A - still employed,Active,IT/IS,IT Support,Eric Dougall,Diversity Job Fair,Exceeds
"Soto, Julia ",1203032263,1,1,0,1,3,3,45,27.49,MA,02360,3/12/1973,Female,Married,US Citizen,No,Black or African American,6/10/2011,2361,,N/A - still employed,Active,IT/IS,IT Support,Eric Dougall,Information Session,Fully Meets
"Bacong, Alejandro ",1212052023,0,2,1,1,3,0,30,45,MA,01886,1/7/1988,Male,Divorced,US Citizen,No,White,1/5/2015,1056,,N/A - still employed,Active,IT/IS,Network Engineer,Peter Monroe,Glassdoor,90-day meets
"Cisco, Anthony",1102024173,1,1,1,1,3,9,28,42,MA,02135,11/24/1989,Male,Married,US Citizen,Yes,White,3/30/2015,972,,N/A - still employed,Active,IT/IS,Network Engineer,Peter Monroe,Information Session,N/A- too early to review
"Dolan, Linda",1101023540,1,1,0,1,3,0,29,37,MA,02119,7/18/1988,Female,Married,US Citizen,No,White,1/5/2015,1056,,N/A - still employed,Active,IT/IS,Network Engineer,Peter Monroe,Employee Referral,90-day meets
"Gonzalez, Maria",1988299991,0,3,0,1,3,3,37,39,MA,02472,4/16/1981,Female,Separated,US Citizen,Yes,White,1/5/2015,1056,,N/A - still employed,Active,IT/IS,Network Engineer,Peter Monroe,Employee Referral,Fully Meets
"Merlos, Carlos",1012023013,0,0,1,1,3,9,30,43,MA,02138,6/18/1987,Male,Single,US Citizen,No,White,3/30/2015,972,,N/A - still employed,Active,IT/IS,Network Engineer,Peter Monroe,Vendor Referral,N/A- too early to review
"Morway, Tanya",1001956578,1,1,0,1,3,3,39,27,MA,02048,4/4/1979,Female,Married,US Citizen,No,White,2/16/2015,1014,,N/A - still employed,Active,IT/IS,Network Engineer,Peter Monroe,Monster.com,Fully Meets
"Shepard, Anita ",906014183,1,1,0,1,3,3,37,47,MA,01773,4/14/1981,Female,Married,US Citizen,No,White,9/30/2014,1153,,N/A - still employed,Active,IT/IS,Network Engineer,Peter Monroe,Vendor Referral,Fully Meets
"Tredinnick, Neville ",1104025466,1,1,1,5,3,3,30,28,MA,01420,5/5/1988,Male,Married,US Citizen,No,White,1/5/2015,127,5/12/2015,medical issues,Voluntarily Terminated,IT/IS,Network Engineer,Peter Monroe,Monster.com,Fully Meets
"Turpin, Jumil",1411071506,1,1,1,1,3,9,49,49.1,MA,02343,3/31/1969,Male,Married,Eligible NonCitizen,No,White,3/30/2015,972,,N/A - still employed,Active,IT/IS,Network Engineer,Peter Monroe,Employee Referral,N/A- too early to review
"Ait Sidi, Karthikeyan   ",1307060199,1,1,1,5,3,3,43,62,MA,02148,5/5/1975,Male,Married,US Citizen,No,White,3/30/2015,444,6/16/2016,career change,Voluntarily Terminated,IT/IS,Sr. DBA,Simon Roup,Company Intranet - Partner,Fully Meets
"Carr, Claudia  N",1010022337,0,0,0,2,3,9,31,61.3,MA,01886,6/6/1986,Female,Single,US Citizen,No,Black or African American,6/30/2016,514,,N/A - Has not started yet,Future Start,IT/IS,Sr. DBA,Simon Roup,Vendor Referral,N/A- too early to review
"Favis, Donald  ",1412071562,0,0,1,4,3,3,53,58.2,CT,06033,7/30/1964,Male,Single,US Citizen,No,Black or African American,2/17/2014,732,2/19/2016,hours,Terminated for Cause,IT/IS,Sr. DBA,Simon Roup,Vendor Referral,Fully Meets
"Roehrich, Bianca",1111030266,0,0,0,5,3,0,45,58.5,MA,02703,5/27/1973,Female,Single,US Citizen,Yes,White,1/5/2015,309,11/10/2015,Another position,Voluntarily Terminated,IT/IS,Sr. DBA,Simon Roup,Vendor Referral,90-day meets
"Daniele, Ann  ",1411071312,1,1,0,3,3,3,66,54.1,CT,06033,1/18/1952,Female,Married,US Citizen,No,White,11/10/2014,1112,,N/A - still employed,Leave of Absence,IT/IS,Sr. Network Engineer,Peter Monroe,Vendor Referral,Fully Meets
"Lajiri,  Jyoti",1108028108,1,1,1,3,3,3,32,56.2,MA,02169,4/23/1986,Male,Married,US Citizen,No,White,11/10/2014,1112,,N/A - still employed,Leave of Absence,IT/IS,Sr. Network Engineer,Peter Monroe,Employee Referral,Fully Meets
"Semizoglou, Jeremiah  ",904013591,1,1,1,2,3,9,35,53.8,MA,01545,2/9/1983,Male,Married,US Citizen,No,Asian,6/30/2016,514,,N/A - Has not started yet,Future Start,IT/IS,Sr. Network Engineer,Peter Monroe,On-campus Recruiting,N/A- too early to review
"South, Joe",1308060959,0,0,1,1,3,0,52,53,CT,06278,9/9/1965,Male,Single,US Citizen,No,White,11/10/2014,1112,,N/A - still employed,Active,IT/IS,Sr. Network Engineer,Peter Monroe,Employee Referral,90-day meets
"Warfield, Sarah",1301052347,0,4,0,1,3,9,40,55.2,MA,02453,5/2/1978,Female,Widowed,US Citizen,No,Asian,3/30/2015,972,,N/A - still employed,Active,IT/IS,Sr. Network Engineer,Peter Monroe,Employee Referral,N/A- too early to review
"Bramante, Elisa",1006020066,0,0,0,1,5,4,35,60,MA,02030,3/19/1983,Female,Single,US Citizen,No,Black or African American,1/5/2009,3247,,N/A - still employed,Active,Production       ,Director of Operations,Janet King,Other,Exceeds
"Albert, Michael  ",1501072311,0,2,1,1,5,3,49,54.5,MA,02169,10/10/1968,Male,Divorced,US Citizen,No,White,8/1/2011,2309,,N/A - still employed,Active,Production       ,Production Manager,Janet King,Employee Referral,Fully Meets
"Bozzi, Charles",1303054580,0,0,1,5,5,3,48,50.5,MA,01901,3/10/1970,Male,Single,US Citizen,No,Asian,9/30/2013,311,8/7/2014,retiring,Voluntarily Terminated,Production       ,Production Manager,Janet King,Billboard,Fully Meets
"Butler, Webster  L",1110029990,0,0,1,1,5,4,34,55,MA,02169,8/9/1983,Male,Single,US Citizen,No,White,1/28/2016,668,,N/A - still employed,Active,Production       ,Production Manager,Janet King,Pay Per Click - Google,Exceeds
"Dunn, Amy  ",1409070147,0,0,0,1,5,3,44,51,MA,01731,11/28/1973,Female,Single,US Citizen,No,White,9/18/2014,1165,,N/A - still employed,Active,Production       ,Production Manager,Janet King,Search Engine - Google Bing Yahoo,Fully Meets
"Gray, Elijiah  ",1307060077,0,2,1,1,5,3,36,54,MA,01752,7/11/1981,Male,Divorced,US Citizen,No,White,6/2/2015,908,,N/A - still employed,Active,Production       ,Production Manager,Janet King,Employee Referral,Fully Meets
"Hogland, Jonathan ",1001944783,1,1,1,4,5,3,45,48.5,MA,01890,7/1/1972,Male,Married,US Citizen,No,White,1/10/2011,1797,12/12/2015,attendance,Terminated for Cause,Production       ,Production Manager,Janet King,Employee Referral,Fully Meets
"Immediato, Walter",1403065874,1,1,1,5,5,2,41,42,MA,02128,11/15/1976,Male,Married,US Citizen,No,Asian,2/21/2011,581,9/24/2012,unhappy,Voluntarily Terminated,Production       ,Production Manager,Janet King,Other,Needs Improvement
"Liebig, Ketsia",1103024679,1,1,0,1,5,4,36,55,MA,02110,10/26/1981,Female,Married,US Citizen,No,White,9/30/2013,1518,,N/A - still employed,Active,Production       ,Production Manager,Janet King,Website Banner Ads,Exceeds
"Miller, Brannon",1107027351,0,0,1,1,5,3,36,53,MA,02045,8/10/1981,Male,Single,US Citizen,yes,Hispanic,8/16/2012,1928,,N/A - still employed,Active,Production       ,Production Manager,Janet King,Internet Search,Fully Meets
"Peterson, Ebonee  ",1402065355,1,1,0,5,5,3,41,38.5,MA,02030,5/9/1977,Female,Married,US Citizen,No,White,10/25/2010,2032,5/18/2016,Another position,Voluntarily Terminated,Production       ,Production Manager,Janet King,Internet Search,Fully Meets
"Spirea, Kelley",1102024149,1,1,0,1,5,3,42,52,MA,02451,9/30/1975,Female,Married,US Citizen,No,White,10/2/2012,1881,,N/A - still employed,Active,Production       ,Production Manager,Janet King,Vendor Referral,Fully Meets
"Stanley, David ",1000974650,0,2,1,1,5,2,42,53,MA,01803,12/17/1975,Male,Divorced,US Citizen,No,White,7/20/2010,2686,,N/A - still employed,Active,Production       ,Production Manager,Janet King,Monster.com,Needs Improvement
"Sullivan, Kissy ",1405067298,1,1,0,1,5,3,40,55,MA,01776,3/28/1978,Female,Married,US Citizen,No,Black or African American,1/8/2009,3244,,N/A - still employed,Active,Production       ,Production Manager,Janet King,Billboard,Fully Meets
"Wallace, Courtney  E",1410071026,1,1,0,5,5,3,62,33.5,MA,02478,11/14/1955,Female,Married,US Citizen,No,Black or African American,9/26/2011,98,1/2/2012,Another position,Voluntarily Terminated,Production       ,Production Manager,Janet King,Diversity Job Fair,Fully Meets
"Adinolfi, Wilson  K",1409070522,0,0,1,1,5,4,34,20,MA,01960,7/10/1983,Male,Single,US Citizen,No,White,7/5/2011,2336,,N/A - still employed,Active,Production       ,Production Technician I,Michael Albert,MBTA ads,Exceeds
"Alagbe,Trina",1011022883,1,1,0,1,5,3,29,21,MA,01886,9/27/1988,Female,Married,US Citizen,No,White,1/7/2008,3611,,N/A - still employed,Active,Production       ,Production Technician I,Elijiah Gray,Billboard,Fully Meets
"Anderson, Carol ",1001417624,0,2,0,5,5,9,28,16,MA,02169,9/8/1989,Female,Divorced,US Citizen,No,White,7/11/2011,57,9/6/2011,return to school,Voluntarily Terminated,Production       ,Production Technician I,Webster Butler,Word of Mouth,N/A- too early to review
"Anderson, Linda  ",1304055947,0,0,0,1,5,5,41,23,MA,01844,5/22/1977,Female,Single,US Citizen,No,White,1/9/2012,2148,,N/A - still employed,Active,Production       ,Production Technician I,Amy Dunn,MBTA ads,Exceptional
"Athwal, Sam",1301052124,0,4,1,1,5,9,35,22,MA,02199,2/18/1983,Male,Widowed,US Citizen,No,White,9/30/2013,1518,,N/A - still employed,Active,Production       ,Production Technician I,Ketsia Liebig,Employee Referral,N/A- too early to review
"Bachiochi, Linda",1212051409,0,0,0,3,5,3,48,22,MA,01902,2/11/1970,Female,Single,US Citizen,No,Two or more races,7/6/2009,3065,,N/A - still employed,Leave of Absence,Production       ,Production Technician I,Brannon Miller,Diversity Job Fair,Fully Meets
"Baczenski, Rachael  ",1307060083,1,1,0,5,5,9,44,17,MA,01902,1/12/1974,Female,Married,US Citizen,Yes,Hispanic,1/10/2011,2,1/12/2011,Another position,Voluntarily Terminated,Production       ,Production Technician I,David Stanley,Diversity Job Fair,N/A- too early to review
"Barbara, Thomas",1312063507,1,1,1,5,5,0,44,22,MA,02062,2/21/1974,Male,Married,US Citizen,Yes,Asian,4/2/2012,170,9/19/2012,unhappy,Voluntarily Terminated,Production       ,Production Technician I,Kissy Sullivan,Diversity Job Fair,90-day meets
"Barone, Francesco  A",1101023679,0,0,1,1,5,3,34,16.76,MA,01810,7/20/1983,Male,Single,US Citizen,No,Two or more races,2/20/2012,2106,,N/A - still employed,Active,Production       ,Production Technician I,Kelley Spirea,Social Networks - Facebook Twitter etc,Fully Meets
"Barton, Nader",1212051962,0,2,1,5,5,3,40,18,MA,02747,7/15/1977,Male,Divorced,US Citizen,No,White,9/24/2012,194,4/6/2013,Another position,Voluntarily Terminated,Production       ,Production Technician I,Michael Albert,On-line Web application,Fully Meets
"Beatrice, Courtney ",1403066194,0,0,0,1,5,3,47,22,MA,01915,10/27/1970,Female,Single,Eligible NonCitizen,No,White,4/4/2011,2428,,N/A - still employed,Active,Production       ,Production Technician I,Elijiah Gray,Search Engine - Google Bing Yahoo,Fully Meets
"Becker, Scott",1110029777,0,0,1,3,5,3,39,17,MA,02452,4/6/1979,Male,Single,US Citizen,No,Asian,7/8/2013,1602,,N/A - still employed,Leave of Absence,Production       ,Production Technician I,Webster Butler,MBTA ads,Fully Meets
"Bernstein, Sean",1109029366,0,0,1,1,5,3,47,16,MA,02072,12/22/1970,Male,Single,US Citizen,Yes,White,4/2/2012,2064,,N/A - still employed,Active,Production       ,Production Technician I,Amy Dunn,Word of Mouth,Fully Meets
"Biden, Lowan  M",1412071844,0,2,0,1,5,3,59,22,MA,02027,12/27/1958,Female,Divorced,US Citizen,No,Asian,8/19/2013,1560,,N/A - still employed,Active,Production       ,Production Technician I,Ketsia Liebig,Billboard,Fully Meets
"Billis, Helen",1308060366,1,1,0,1,5,4,28,16,MA,02031,9/1/1989,Female,Married,US Citizen,No,White,7/7/2014,1238,,N/A - still employed,Active,Production       ,Production Technician I,Brannon Miller,Professional Society,Exceeds
"Brill, Donna",1406068293,1,1,0,5,5,3,27,20,MA,01701,8/24/1990,Female,Married,US Citizen,No,White,4/2/2012,439,6/15/2013,Another position,Voluntarily Terminated,Production       ,Production Technician I,David Stanley,Search Engine - Google Bing Yahoo,Fully Meets
"Bugali, Josephine ",1408069635,0,3,0,3,5,3,48,20,MA,02043,10/30/1969,Female,Separated,US Citizen,No,Black or African American,11/11/2013,1476,,N/A - still employed,Leave of Absence,Production       ,Production Technician I,Kissy Sullivan,Diversity Job Fair,Fully Meets
"Carey, Michael  ",1311063114,0,0,1,1,5,3,35,20,MA,01701,2/2/1983,Male,Single,US Citizen,No,Black or African American,3/31/2014,1336,,N/A - still employed,Active,Production       ,Production Technician I,Kelley Spirea,MBTA ads,Fully Meets
"Chace, Beatrice ",1208048062,0,0,0,1,5,3,67,16,MA,02763,1/2/1951,Female,Single,US Citizen,No,White,9/29/2014,1154,,N/A - still employed,Active,Production       ,Production Technician I,Michael Albert,Search Engine - Google Bing Yahoo,Fully Meets
"Chan, Lin",1305057282,0,0,0,1,5,3,39,19.5,MA,02170,2/12/1979,Female,Single,US Citizen,No,White,5/12/2014,1294,,N/A - still employed,Active,Production       ,Production Technician I,Elijiah Gray,Internet Search,Fully Meets
"Chang, Donovan  E",1111030129,0,0,1,1,5,3,34,22,MA,01845,8/24/1983,Male,Single,US Citizen,No,White,7/8/2013,1602,,N/A - still employed,Active,Production       ,Production Technician I,Webster Butler,Newspager/Magazine,Fully Meets
"Chivukula, Enola",1101023394,0,0,0,5,5,0,34,21,MA,01775,8/27/1983,Female,Single,US Citizen,No,White,6/27/2011,1602,11/15/2015,relocation out of area,Voluntarily Terminated,Production       ,Production Technician I,Amy Dunn,Other,90-day meets
"Cierpiszewski, Caroline  ",1012023295,0,0,0,1,5,3,30,22,MA,02044,5/31/1988,Female,Single,Non-Citizen,No,Black or African American,10/3/2011,2246,,N/A - still employed,Active,Production       ,Production Technician I,Ketsia Liebig,Pay Per Click - Google,Fully Meets
"Clukey, Elijian",1407069280,1,1,1,2,5,4,37,24.75,MA,02134,8/26/1980,Male,Married,US Citizen,No,White,7/6/2016,508,,N/A - Has not started yet,Future Start,Production       ,Production Technician I,Brannon Miller,Employee Referral,Exceeds
"Cockel, James",1599991009,0,0,1,1,5,3,40,15,MA,02452,9/8/1977,Male,Single,US Citizen,No,White,7/8/2013,1602,,N/A - still employed,Active,Production       ,Production Technician I,David Stanley,Employee Referral,Fully Meets
"Cole, Spencer",1001450968,0,0,1,4,5,2,38,15,MA,01880,8/12/1979,Male,Single,US Citizen,No,Black or African American,7/11/2011,440,9/23/2012,performance,Terminated for Cause,Production       ,Production Technician I,Kissy Sullivan,MBTA ads,Needs Improvement
"Cornett, Lisa ",1403066069,1,1,0,1,5,0,41,15.75,MA,02189,3/31/1977,Female,Married,US Citizen,Yes,White,1/5/2015,1056,,N/A - still employed,Active,Production       ,Production Technician I,Kelley Spirea,Billboard,90-day meets
"Crimmings,   Jean",1311063172,0,0,0,2,5,9,31,19.75,MA,01821,4/10/1987,Female,Single,US Citizen,No,White,7/6/2016,508,,N/A - Has not started yet,Future Start,Production       ,Production Technician I,Michael Albert,Newspager/Magazine,N/A- too early to review
"Darson, Jene'ya ",1001109612,1,1,0,1,5,3,39,15,MA,02110,11/5/1978,Female,Married,US Citizen,No,White,7/2/2012,1973,,N/A - still employed,Active,Production       ,Production Technician I,Elijiah Gray,Billboard,Fully Meets
"DeGweck,  James",1306058816,1,1,1,5,5,3,40,23.5,MA,01810,10/31/1977,Male,Married,US Citizen,No,White,5/16/2011,1484,6/8/2015,unhappy,Voluntarily Terminated,Production       ,Production Technician I,Webster Butler,Billboard,Fully Meets
"Desimone, Carl ",1501072124,1,1,1,1,5,1,51,20,MA,02061,4/19/1967,Male,Married,US Citizen,No,White,7/7/2014,1238,,N/A - still employed,Active,Production       ,Production Technician I,Amy Dunn,Professional Society,PIP
"Dickinson, Geoff ",706006285,0,0,1,1,5,3,35,21,MA,02180,11/15/1982,Male,Single,US Citizen,No,White,5/12/2014,1294,,N/A - still employed,Active,Production       ,Production Technician I,Ketsia Liebig,Pay Per Click - Google,Fully Meets
"DiNocco, Lily ",1209048696,1,1,0,1,5,2,39,22,MA,02351,12/2/1978,Female,Married,US Citizen,No,Black or African American,1/7/2013,1784,,N/A - still employed,Active,Production       ,Production Technician I,Brannon Miller,Pay Per Click - Google,Needs Improvement
"Dobrin, Denisa  S",1202031618,0,0,0,1,5,3,31,16.75,MA,02125,10/7/1986,Female,Single,US Citizen,Yes,White,4/2/2012,2064,,N/A - still employed,Active,Production       ,Production Technician I,David Stanley,Monster.com,Fully Meets
"Eaton, Marianne",1406067865,1,1,0,5,5,3,26,17,MA,02343,9/5/1991,Female,Married,US Citizen,No,White,4/4/2011,794,6/6/2013,military,Voluntarily Terminated,Production       ,Production Technician I,Kissy Sullivan,Search Engine - Google Bing Yahoo,Fully Meets
"Engdahl, Jean",1007020403,0,0,1,1,5,3,44,21.25,MA,02026,5/31/1974,Male,Single,US Citizen,No,White,11/10/2014,1112,,N/A - still employed,Active,Production       ,Production Technician I,Kelley Spirea,MBTA ads,Fully Meets
"England, Rex",1101023612,1,1,1,1,5,0,39,21,MA,02045,8/25/1978,Male,Married,US Citizen,No,White,3/31/2014,1336,,N/A - still employed,Active,Production       ,Production Technician I,Kelley Spirea,Employee Referral,90-day meets
"Estremera, Miguel",1104025243,0,0,1,4,5,2,34,17,MA,02129,9/2/1983,Male,Single,US Citizen,No,White,4/2/2012,908,9/27/2014,attendance,Terminated for Cause,Production       ,Production Technician I,Michael Albert,Word of Mouth,Needs Improvement
"Evensen, April",1107027392,0,0,0,4,5,9,29,18,MA,02458,5/6/1989,Female,Single,US Citizen,No,White,2/17/2014,8,2/25/2014,"no-call, no-show",Terminated for Cause,Production       ,Production Technician I,Elijiah Gray,Word of Mouth,N/A- too early to review
"Ferguson, Susan",1502072511,1,1,0,5,5,3,63,20,MA,02176,4/14/1955,Female,Married,US Citizen,No,White,11/7/2011,922,5/17/2014,military,Voluntarily Terminated,Production       ,Production Technician I,Webster Butler,Search Engine - Google Bing Yahoo,Fully Meets
"Fernandes, Nilson  ",1302053339,1,1,1,1,5,9,28,18,MA,02132,10/18/1989,Male,Married,US Citizen,No,White,5/11/2015,930,,N/A - still employed,Active,Production       ,Production Technician I,Amy Dunn,Professional Society,N/A- too early to review
"Ferreira, Violeta",803009012,0,0,0,1,5,3,31,23,MA,02176,6/10/1986,Female,Single,US Citizen,No,White,2/20/2012,2106,,N/A - still employed,Active,Production       ,Production Technician I,Ketsia Liebig,Newspager/Magazine,Fully Meets
"Fidelia,  Libby",1006020020,1,1,0,1,5,3,37,24,MA,02155,3/16/1981,Female,Married,US Citizen,No,White,1/9/2012,2148,,N/A - still employed,Active,Production       ,Production Technician I,Brannon Miller,Social Networks - Facebook Twitter etc,Fully Meets
"Garcia, Raul",1309061015,0,0,1,1,5,9,32,19,MA,01905,9/15/1985,Male,Single,US Citizen,Yes,White,3/30/2015,972,,N/A - still employed,Active,Production       ,Production Technician I,David Stanley,Employee Referral,N/A- too early to review
"Garneau, Hamish",1104025414,0,0,1,1,5,3,38,18,MA,01550,4/18/1980,Male,Single,US Citizen,No,Asian,7/8/2013,1602,,N/A - still employed,Active,Production       ,Production Technician I,Kissy Sullivan,Professional Society,Fully Meets
"Gaul, Barbara",1105026041,0,0,0,1,5,3,34,24,MA,02121,12/2/1983,Female,Single,US Citizen,Yes,Black or African American,5/16/2011,2386,,N/A - still employed,Active,Production       ,Production Technician I,Kelley Spirea,MBTA ads,Fully Meets
"Gentry, Mildred",1501072192,1,1,0,1,5,9,27,19,MA,02145,10/1/1990,Female,Married,US Citizen,No,Black or African American,3/30/2015,972,,N/A - still employed,Active,Production       ,Production Technician I,Michael Albert,Professional Society,N/A- too early to review
"Gerke, Melisa",1308060622,0,2,0,5,5,9,48,22,MA,02330,5/15/1970,Female,Divorced,US Citizen,No,White,11/7/2011,8,11/15/2011,hours,Voluntarily Terminated,Production       ,Production Technician I,Elijiah Gray,Diversity Job Fair,N/A- too early to review
"Gilles, Alex",1008020960,1,1,1,5,5,2,43,15,MA,02062,8/9/1974,Male,Married,US Citizen,No,Black or African American,4/2/2012,1179,6/25/2015,military,Voluntarily Terminated,Production       ,Production Technician I,Webster Butler,Diversity Job Fair,Needs Improvement
"Girifalco, Evelyn",1204032927,0,0,0,1,5,4,38,16,MA,02451,5/8/1980,Female,Single,US Citizen,Yes,Two or more races,9/29/2014,1154,,N/A - still employed,Active,Production       ,Production Technician I,Amy Dunn,Professional Society,Exceeds
"Gold, Shenice  ",1408069539,0,0,0,1,5,3,25,17,MA,02451,6/18/1992,Female,Single,US Citizen,Yes,White,11/11/2013,1476,,N/A - still employed,Active,Production       ,Production Technician I,Ketsia Liebig,Glassdoor,Fully Meets
"Gonzalez, Cayo",1411071212,0,2,1,1,5,4,48,16,MA,02108,9/29/1969,Male,Divorced,US Citizen,No,American Indian or Alaska Native,7/11/2011,2330,,N/A - still employed,Active,Production       ,Production Technician I,Brannon Miller,Diversity Job Fair,Exceeds
"Gordon, David",1106026579,1,1,1,1,5,3,39,15,MA,02169,5/21/1979,Male,Married,US Citizen,No,White,7/2/2012,1973,,N/A - still employed,Active,Production       ,Production Technician I,David Stanley,MBTA ads,Fully Meets
"Goyal, Roxana",1312063675,1,1,0,3,5,3,43,24,MA,01864,10/9/1974,Female,Married,US Citizen,No,Asian,8/19/2013,1560,,N/A - still employed,Leave of Absence,Production       ,Production Technician I,Kissy Sullivan,On-campus Recruiting,Fully Meets
"Gross, Paula",1103024859,0,2,0,5,5,3,35,14,MA,02176,5/21/1983,Female,Divorced,US Citizen,No,White,2/21/2011,1055,1/11/2014,more money,Voluntarily Terminated,Production       ,Production Technician I,Kelley Spirea,Monster.com,Fully Meets
"Handschiegl, Joanne",1405067064,1,1,0,1,5,3,41,24,MA,02127,3/23/1977,Female,Married,US Citizen,No,White,11/28/2011,2190,,N/A - still employed,Active,Production       ,Production Technician I,Michael Albert,Word of Mouth,Fully Meets
"Harrell, Ludwick",1406068241,1,1,1,1,5,3,35,21,MA,01776,9/2/1982,Male,Married,US Citizen,No,Asian,5/14/2012,2022,,N/A - still employed,Active,Production       ,Production Technician I,Elijiah Gray,Search Engine - Google Bing Yahoo,Fully Meets
"Harrington, Christie ",1110029602,0,0,0,5,5,3,65,19.75,MA,02324,8/18/1952,Female,Single,US Citizen,No,White,1/9/2012,1436,12/15/2015,retiring,Voluntarily Terminated,Production       ,Production Technician I,Webster Butler,Monster.com,Fully Meets
"Harrison, Kara",1404066622,1,1,0,1,5,4,44,20,MA,01886,5/2/1974,Female,Married,US Citizen,No,White,5/12/2014,1294,,N/A - still employed,Active,Production       ,Production Technician I,Amy Dunn,Monster.com,Exceeds
"Heitzman, Anthony",1002017900,0,0,1,1,5,0,34,19,MA,02149,1/4/1984,Male,Single,US Citizen,No,White,8/13/2012,1931,,N/A - still employed,Active,Production       ,Production Technician I,Ketsia Liebig,Social Networks - Facebook Twitter etc,90-day meets
"Ivey, Rose ",1408069882,0,0,0,1,5,3,27,16,MA,01775,1/28/1991,Female,Single,US Citizen,No,White,8/19/2013,1560,,N/A - still employed,Active,Production       ,Production Technician I,Brannon Miller,Professional Society,Fully Meets
"Jackson, Maryellen",1201031438,0,0,0,1,5,3,45,20,MA,02081,9/11/1972,Female,Single,US Citizen,No,White,11/5/2012,1847,,N/A - still employed,Active,Production       ,Production Technician I,David Stanley,Newspager/Magazine,Fully Meets
"Jacobi, Hannah  ",1503072857,0,2,0,1,5,3,52,21,MA,01778,3/22/1966,Female,Divorced,US Citizen,No,White,9/30/2013,1518,,N/A - still employed,Active,Production       ,Production Technician I,Kissy Sullivan,Employee Referral,Fully Meets
"Jhaveri, Sneha  ",1412071713,0,3,0,1,5,3,54,19,MA,02109,4/13/1964,Female,Separated,US Citizen,No,White,1/6/2014,1420,,N/A - still employed,Active,Production       ,Production Technician I,Kelley Spirea,On-campus Recruiting,Fully Meets
"Johnson, George",1105025721,1,1,1,5,5,4,58,17,MA,02445,8/19/1959,Male,Married,US Citizen,No,White,11/7/2011,1635,4/29/2016,more money,Voluntarily Terminated,Production       ,Production Technician I,Michael Albert,Monster.com,Exceeds
"Jung, Judy  ",1107027450,1,1,0,5,5,0,32,21,MA,02446,4/17/1986,Female,Married,US Citizen,No,White,1/10/2011,1908,4/1/2016,unhappy,Voluntarily Terminated,Production       ,Production Technician I,Elijiah Gray,Monster.com,90-day meets
"Keatts, Kramer ",1301052462,0,0,1,1,5,3,42,19,MA,01887,1/19/1976,Male,Single,US Citizen,No,White,9/30/2013,1518,,N/A - still employed,Active,Production       ,Production Technician I,Michael Albert,Billboard,Fully Meets
"Kinsella, Kathleen  ",710007401,1,1,0,5,5,0,44,22,MA,02170,12/8/1973,Female,Married,US Citizen,No,White,9/26/2011,1347,6/4/2015,more money,Voluntarily Terminated,Production       ,Production Technician I,Webster Butler,Search Engine - Google Bing Yahoo,90-day meets
"Kirill, Alexandra  ",903013071,1,1,0,5,5,3,47,24,MA,02127,10/8/1970,Female,Married,US Citizen,No,White,9/26/2011,105,1/9/2012,more money,Voluntarily Terminated,Production       ,Production Technician I,Amy Dunn,Search Engine - Google Bing Yahoo,Fully Meets
"Knapp, Bradley  J",1304055683,0,0,1,1,5,3,40,14,MA,01721,11/10/1977,Male,Single,US Citizen,No,Black or African American,2/17/2014,1378,,N/A - still employed,Active,Production       ,Production Technician I,Ketsia Liebig,On-campus Recruiting,Fully Meets
"Kretschmer, John",1311062610,1,1,1,1,5,3,38,21,MA,01801,2/2/1980,Male,Married,US Citizen,No,Asian,1/10/2011,2512,,N/A - still employed,Active,Production       ,Production Technician I,Brannon Miller,Pay Per Click - Google,Fully Meets
"Langton, Enrico",1304055987,1,1,1,1,5,3,31,17,MA,02048,12/9/1986,Male,Married,US Citizen,No,White,7/9/2012,1966,,N/A - still employed,Active,Production       ,Production Technician I,David Stanley,Newspager/Magazine,Fully Meets
"Leach, Dallas",1408069409,0,0,0,5,5,3,39,19,MA,01810,1/17/1979,Female,Single,US Citizen,No,Asian,9/26/2011,693,8/19/2013,return to school,Voluntarily Terminated,Production       ,Production Technician I,Kissy Sullivan,Monster.com,Fully Meets
"LeBel, Jonathan  R",1107027575,0,0,1,4,5,0,36,15,MA,02050,10/18/1981,Male,Single,US Citizen,No,White,2/21/2011,164,8/4/2011,attendance,Terminated for Cause,Production       ,Production Technician I,Kelley Spirea,Social Networks - Facebook Twitter etc,90-day meets
"Linares, Marilyn ",1206042315,1,1,0,5,5,9,37,15.25,MA,01886,3/26/1981,Female,Married,US Citizen,No,White,7/5/2011,83,9/26/2011,unhappy,Voluntarily Terminated,Production       ,Production Technician I,Michael Albert,Internet Search,N/A- too early to review
"Lydon, Allison",1101023353,1,1,0,3,5,0,42,20,MA,02122,10/22/1975,Female,Married,US Citizen,No,Black or African American,2/16/2015,1014,,N/A - still employed,Leave of Absence,Production       ,Production Technician I,Elijiah Gray,Website Banner Ads,90-day meets
"Lynch, Lindsay",1001138521,0,0,0,5,5,4,45,19,MA,01844,2/14/1973,Female,Single,US Citizen,Yes,Two or more races,11/7/2011,1468,11/14/2015,Another position,Voluntarily Terminated,Production       ,Production Technician I,Webster Butler,Diversity Job Fair,Exceeds
"MacLennan, Samuel",1201031032,0,4,1,5,5,9,45,15,MA,01938,11/9/1972,Male,Widowed,US Citizen,No,White,9/24/2012,2,9/26/2012,hours,Voluntarily Terminated,Production       ,Production Technician I,Amy Dunn,Pay Per Click,N/A- too early to review
"Mahoney, Lauren  ",1209049259,0,0,0,1,5,3,31,17,MA,02189,7/7/1986,Female,Single,US Citizen,No,White,1/6/2014,1420,,N/A - still employed,Active,Production       ,Production Technician I,Ketsia Liebig,Newspager/Magazine,Fully Meets
"Mangal, Debbie",1308060754,1,1,0,1,5,3,43,23,MA,02451,11/7/1974,Female,Married,US Citizen,No,White,11/11/2013,1476,,N/A - still employed,Active,Production       ,Production Technician I,Brannon Miller,On-campus Recruiting,Fully Meets
"Maurice, Shana",1401064327,1,1,0,1,5,0,40,20,MA,02330,11/22/1977,Female,Married,US Citizen,No,White,5/31/2011,2371,,N/A - still employed,Active,Production       ,Production Technician I,David Stanley,Other,90-day meets
"Mckenna, Sandy",909015167,1,1,0,1,5,3,31,24,MA,02184,1/7/1987,Female,Married,US Citizen,No,Black or African American,1/7/2013,1784,,N/A - still employed,Active,Production       ,Production Technician I,Kissy Sullivan,Monster.com,Fully Meets
"Meads, Elizabeth",1409070245,0,0,0,5,5,3,50,14,MA,01760,5/30/1968,Female,Single,US Citizen,No,Black or African American,4/2/2012,1318,11/11/2015,Another position,Voluntarily Terminated,Production       ,Production Technician I,Kelley Spirea,Diversity Job Fair,Fully Meets
"Medeiros, Jennifer",1109029256,0,0,0,1,5,9,41,20,MA,02346,9/22/1976,Female,Single,US Citizen,No,White,3/30/2015,972,,N/A - still employed,Active,Production       ,Production Technician I,Michael Albert,Monster.com,N/A- too early to review
"Motlagh,  Dawn",1102024121,0,2,0,1,5,3,33,15,MA,02453,7/7/1984,Female,Divorced,US Citizen,No,White,4/1/2013,1700,,N/A - still employed,Active,Production       ,Production Technician I,Elijiah Gray,MBTA ads,Fully Meets
"Ndzi, Colombui",1204033041,0,0,1,5,5,3,29,18,MA,02110,5/2/1989,Male,Single,US Citizen,No,Black or African American,9/26/2011,921,4/4/2014,return to school,Voluntarily Terminated,Production       ,Production Technician I,Webster Butler,Diversity Job Fair,Fully Meets
"Ndzi, Horia",1204033041,1,1,1,5,5,3,35,22,MA,02421,3/28/1983,Male,Married,US Citizen,No,White,4/1/2013,1150,5/25/2016,more money,Voluntarily Terminated,Production       ,Production Technician I,Amy Dunn,Employee Referral,Fully Meets
"Newman, Richard ",1302053044,1,1,1,3,5,3,41,21,MA,02136,4/8/1977,Male,Married,US Citizen,No,White,5/12/2014,1294,,N/A - still employed,Leave of Absence,Production       ,Production Technician I,Ketsia Liebig,On-campus Recruiting,Fully Meets
"Ngodup, Shari ",1403066020,0,3,0,1,5,4,51,15,MA,01810,6/3/1967,Female,Separated,US Citizen,No,Asian,4/1/2013,1700,,N/A - still employed,Active,Production       ,Production Technician I,Brannon Miller,Diversity Job Fair,Exceeds
"Nguyen, Lei-Ming",1203032357,0,0,0,1,5,3,33,19,MA,02132,7/7/1984,Female,Single,US Citizen,No,White,7/8/2013,1602,,N/A - still employed,Active,Production       ,Production Technician I,David Stanley,Vendor Referral,Fully Meets
"O'hare, Lynn",1206044851,0,0,0,4,5,1,37,18.5,MA,02152,9/30/1980,Female,Single,US Citizen,No,Two or more races,3/31/2014,762,5/1/2016,performance,Terminated for Cause,Production       ,Production Technician I,Kissy Sullivan,Professional Society,PIP
"Osturnka, Adeel",1404066949,1,1,1,1,5,4,41,16,MA,02478,12/11/1976,Male,Married,US Citizen,No,White,9/30/2013,1518,,N/A - still employed,Active,Production       ,Production Technician I,Kelley Spirea,On-campus Recruiting,Exceeds
"Owad, Clinton",1103024335,0,0,1,1,5,2,38,22,MA,01760,11/24/1979,Male,Single,US Citizen,No,Black or African American,2/17/2014,1378,,N/A - still employed,Active,Production       ,Production Technician I,Michael Albert,MBTA ads,Needs Improvement
"Panjwani, Nina",1109029531,1,1,0,5,5,3,39,18,MA,02351,5/1/1979,Female,Married,US Citizen,No,White,2/7/2011,1070,1/12/2014,Another position,Voluntarily Terminated,Production       ,Production Technician I,Elijiah Gray,Social Networks - Facebook Twitter etc,Fully Meets
"Pelech, Emil",1307060058,0,0,1,5,5,2,30,24,MA,02458,3/17/1988,Male,Single,US Citizen,No,Black or African American,1/10/2011,718,12/28/2012,career change,Voluntarily Terminated,Production       ,Production Technician I,Webster Butler,Search Engine - Google Bing Yahoo,Needs Improvement
"Perry, Shakira",1109029186,0,0,0,5,5,3,31,22,MA,02176,7/20/1986,Female,Single,US Citizen,No,White,5/16/2011,1623,10/25/2015,medical issues,Voluntarily Terminated,Production       ,Production Technician I,Amy Dunn,MBTA ads,Fully Meets
"Peterson, Kayla ",1307059944,1,1,0,1,5,3,44,17,MA,01749,9/23/1973,Female,Married,US Citizen,No,White,4/26/2010,2771,,N/A - still employed,Active,Production       ,Production Technician I,Ketsia Liebig,Search Engine - Google Bing Yahoo,Fully Meets
"Pham, Hong",1305057440,1,1,1,5,5,3,30,18,MA,02451,3/6/1988,Male,Married,US Citizen,No,White,7/5/2011,514,11/30/2012,more money,Voluntarily Terminated,Production       ,Production Technician I,Brannon Miller,Search Engine - Google Bing Yahoo,Fully Meets
"Pitt, Brad ",1001735072,0,0,1,1,5,3,36,17,MA,02451,11/23/1981,Male,Single,US Citizen,No,Black or African American,11/5/2007,3674,,N/A - still employed,Active,Production       ,Production Technician I,David Stanley,Search Engine - Google Bing Yahoo,Fully Meets
"Power, Morissa",1102024274,0,2,0,5,5,9,33,19,MA,01742,10/15/1984,Female,Divorced,Eligible NonCitizen,No,Asian,5/16/2011,19,6/4/2011,Another position,Voluntarily Terminated,Production       ,Production Technician I,Kissy Sullivan,Social Networks - Facebook Twitter etc,N/A- too early to review
"Punjabhi, Louis  ",1401064562,0,0,1,1,5,3,56,16,MA,02109,6/19/1961,Male,Single,US Citizen,No,White,1/6/2014,1420,,N/A - still employed,Active,Production       ,Production Technician I,Kelley Spirea,Employee Referral,Fully Meets
"Purinton, Janine",1011022926,0,2,0,5,5,3,47,16,MA,02474,9/22/1970,Female,Divorced,US Citizen,No,White,9/24/2012,267,6/18/2013,unhappy,Voluntarily Terminated,Production       ,Production Technician I,Kissy Sullivan,Billboard,Fully Meets
"Rarrick, Quinn",1208048229,0,2,1,5,5,3,33,21,MA,02478,12/31/1984,Male,Divorced,US Citizen,No,White,9/26/2011,194,4/7/2012,more money,Voluntarily Terminated,Production       ,Production Technician I,Michael Albert,Pay Per Click - Google,Fully Meets
"Rhoads, Thomas",1211050793,0,2,1,5,5,3,35,20,MA,02176,7/22/1982,Male,Divorced,US Citizen,Yes,White,5/16/2011,1705,1/15/2016,retiring,Voluntarily Terminated,Production       ,Production Technician I,Elijiah Gray,Professional Society,Fully Meets
"Rivera, Haley  ",1405067642,1,1,0,1,5,4,45,22,MA,02171,1/12/1973,Female,Married,US Citizen,No,Asian,11/28/2011,2190,,N/A - still employed,Active,Production       ,Production Technician I,Webster Butler,Search Engine - Google Bing Yahoo,Exceeds
"Robinson, Alain  ",1206038000,1,1,1,5,5,3,44,24,MA,01420,1/7/1974,Male,Married,US Citizen,No,Black or African American,1/10/2011,1842,1/26/2016,attendance,Voluntarily Terminated,Production       ,Production Technician I,Amy Dunn,Glassdoor,Fully Meets
"Robinson, Cherly",1403065625,1,1,0,4,5,2,33,16,MA,01460,1/7/1985,Female,Married,US Citizen,No,White,1/10/2011,1954,5/17/2016,attendance,Terminated for Cause,Production       ,Production Technician I,Ketsia Liebig,Glassdoor,Needs Improvement
"Robinson, Elias",1011022887,0,4,1,1,5,5,33,17,MA,01730,1/28/1985,Male,Widowed,US Citizen,No,White,7/8/2013,1602,,N/A - still employed,Active,Production       ,Production Technician I,Brannon Miller,Employee Referral,Exceptional
"Rose, Ashley  ",710007555,0,3,0,1,5,3,43,17,MA,01886,12/5/1974,Female,Separated,US Citizen,No,White,1/6/2014,1420,,N/A - still employed,Active,Production       ,Production Technician I,David Stanley,Website Banner Ads,Fully Meets
"Rossetti, Bruno",1405067492,0,0,1,5,5,3,31,18,MA,02155,3/18/1987,Male,Single,US Citizen,No,White,4/4/2011,497,8/13/2012,Another position,Voluntarily Terminated,Production       ,Production Technician I,Kissy Sullivan,Search Engine - Google Bing Yahoo,Fully Meets
"Saar-Beckles, Melinda",1410070998,0,0,0,2,5,9,50,20,MA,01801,6/6/1968,Female,Single,US Citizen,No,Black or African American,7/4/2016,510,,N/A - Has not started yet,Future Start,Production       ,Production Technician I,Kelley Spirea,Diversity Job Fair,N/A- too early to review
"Sadki, Nore  ",1308060535,0,0,1,5,5,3,43,21,MA,02148,12/21/1974,Male,Single,US Citizen,No,White,1/5/2009,571,7/30/2010,relocation out of area,Voluntarily Terminated,Production       ,Production Technician I,Michael Albert,Word of Mouth,Fully Meets
"Sander, Kamrin",1302053362,1,1,0,1,5,3,29,21,MA,02154,7/10/1988,Female,Married,US Citizen,No,Black or African American,9/29/2014,1154,,N/A - still employed,Active,Production       ,Production Technician I,Elijiah Gray,On-campus Recruiting,Fully Meets
"Sewkumar, Nori",807010161,0,0,0,3,5,3,43,15.2,MA,02191,3/10/1975,Female,Single,US Citizen,No,Asian,9/30/2013,1518,,N/A - still employed,Leave of Absence,Production       ,Production Technician I,Webster Butler,Search Engine - Google Bing Yahoo,Fully Meets
"Shields, Seffi",1205033102,1,1,0,1,5,3,32,15,MA,02149,8/24/1985,Female,Married,US Citizen,No,White,8/19/2013,1560,,N/A - still employed,Active,Production       ,Production Technician I,Amy Dunn,Newspager/Magazine,Fully Meets
"Smith, Sade",1501071909,0,0,0,1,5,3,53,24.5,MA,02130,2/2/1965,Female,Single,US Citizen,No,White,11/11/2013,1476,,N/A - still employed,Active,Production       ,Production Technician I,Ketsia Liebig,Employee Referral,Fully Meets
"Sparks, Taylor  ",1410071137,1,1,0,1,5,1,49,16,MA,02093,7/20/1968,Female,Married,US Citizen,No,White,2/20/2012,2106,,N/A - still employed,Active,Production       ,Production Technician I,Brannon Miller,Billboard,PIP
"Squatrito, Kristen",1405067138,0,2,0,5,5,4,45,21,MA,02359,3/26/1973,Female,Divorced,US Citizen,No,White,5/13/2013,777,6/29/2015,unhappy,Voluntarily Terminated,Production       ,Production Technician I,David Stanley,MBTA ads,Exceeds
"Stanford,Barbara  M",1111030244,0,2,0,1,5,3,35,14,MA,02050,8/25/1982,Female,Divorced,US Citizen,No,Two or more races,1/10/2011,2512,,N/A - still employed,Active,Production       ,Production Technician I,Kissy Sullivan,Word of Mouth,Fully Meets
"Stoica, Rick",1106026896,1,1,1,1,5,3,33,22,MA,02301,3/14/1985,Male,Married,US Citizen,No,Asian,2/17/2014,1378,,N/A - still employed,Active,Production       ,Production Technician I,Kelley Spirea,On-campus Recruiting,Fully Meets
"Sullivan, Timothy",1201031310,1,1,1,1,5,0,35,19,MA,02747,10/7/1982,Male,Married,US Citizen,Yes,White,1/5/2015,1056,,N/A - still employed,Active,Production       ,Production Technician I,Michael Albert,Word of Mouth,90-day meets
"Sutwell, Barbara",1407069061,0,0,0,1,5,3,49,14,MA,02718,8/15/1968,Female,Single,Eligible NonCitizen,No,Asian,5/14/2012,2022,,N/A - still employed,Active,Production       ,Production Technician I,Elijiah Gray,Glassdoor,Fully Meets
"Tavares, Desiree  ",1405067501,1,1,0,5,5,3,43,15,MA,01801,4/3/1975,Female,Married,Non-Citizen,No,Two or more races,4/27/2009,1435,4/1/2013,Another position,Voluntarily Terminated,Production       ,Production Technician I,Webster Butler,Diversity Job Fair,Fully Meets
"Theamstern, Sophia",1404066739,0,0,0,5,5,9,53,20,MA,02066,5/9/1965,Female,Single,US Citizen,No,White,7/5/2011,62,9/5/2011,return to school,Voluntarily Terminated,Production       ,Production Technician I,Amy Dunn,Billboard,N/A- too early to review
"Tinto, Theresa  ",1103024504,0,2,0,5,5,0,34,20,MA,01876,7/30/1983,Female,Divorced,US Citizen,No,White,1/10/2011,124,5/14/2011,Another position,Voluntarily Terminated,Production       ,Production Technician I,Ketsia Liebig,Social Networks - Facebook Twitter etc,90-day meets
"Tippett, Jeanette",1409070255,0,2,0,1,5,3,51,24,MA,02093,6/5/1967,Female,Divorced,US Citizen,No,Black or African American,2/18/2013,1742,,N/A - still employed,Active,Production       ,Production Technician I,Brannon Miller,Billboard,Fully Meets
"Trang, Mei",1012023152,0,0,0,1,5,9,35,22,MA,02021,5/16/1983,Female,Single,US Citizen,No,White,2/17/2014,1378,,N/A - still employed,Active,Production       ,Production Technician I,David Stanley,Professional Society,N/A- too early to review
"Veera, Abdellah ",1203032235,0,2,1,5,5,4,31,19,MA,02171,1/31/1987,Male,Divorced,US Citizen,No,White,8/13/2012,1271,2/5/2016,maternity leave - did not return,Voluntarily Terminated,Production       ,Production Technician I,Kissy Sullivan,Information Session,Exceeds
"Volk, Colleen",1011022814,1,1,0,4,5,4,32,21,MA,02747,6/3/1986,Female,Married,US Citizen,No,White,9/26/2011,1596,2/8/2016,gross misconduct,Terminated for Cause,Production       ,Production Technician I,Kelley Spirea,Social Networks - Facebook Twitter etc,Exceeds
"Von Massenbach, Anna",1106026474,0,0,0,2,5,9,33,20,MA,02124,4/6/1985,Female,Single,US Citizen,No,White,7/5/2015,875,,N/A - Has not started yet,Future Start,Production       ,Production Technician I,Michael Albert,Newspager/Magazine,N/A- too early to review
"Wallace, Theresa",1101023619,0,0,0,5,5,2,37,15,MA,01887,8/2/1980,Female,Single,US Citizen,No,White,8/13/2012,1114,9/1/2015,career change,Voluntarily Terminated,Production       ,Production Technician I,Elijiah Gray,Monster.com,Needs Improvement
"Whittier, Scott",1307060212,0,0,1,5,5,0,31,23,MA,02030,5/24/1987,Male,Single,US Citizen,Yes,White,1/10/2011,125,5/15/2011,hours,Voluntarily Terminated,Production       ,Production Technician I,Webster Butler,Newspager/Magazine,90-day meets
"Wilber, Barry",1101023839,1,1,1,5,5,3,52,21,MA,02324,9/9/1965,Male,Married,Eligible NonCitizen,No,White,5/16/2011,1575,9/7/2015,unhappy,Voluntarily Terminated,Production       ,Production Technician I,Amy Dunn,Website Banner Ads,Fully Meets
"Williams, Jacquelyn  ",1308060671,0,0,0,5,5,3,48,16,MA,02109,10/2/1969,Female,Single,US Citizen,Yes,Two or more races,1/9/2012,1265,6/27/2015,relocation out of area,Voluntarily Terminated,Production       ,Production Technician I,Ketsia Liebig,Diversity Job Fair,Fully Meets
"Ybarra, Catherine ",1001268402,0,0,0,5,5,1,36,22,MA,02458,5/4/1982,Female,Single,US Citizen,No,Asian,9/2/2008,2583,9/29/2015,Another position,Voluntarily Terminated,Production       ,Production Technician I,Brannon Miller,Search Engine - Google Bing Yahoo,PIP
"Zima, Colleen",1211051232,0,4,0,1,5,3,39,15,MA,01730,8/17/1978,Female,Widowed,US Citizen,No,Asian,9/29/2014,1154,,N/A - still employed,Active,Production       ,Production Technician I,David Stanley,On-campus Recruiting,Fully Meets
"Akinkuolie, Sarah",1005019209,1,1,0,5,5,0,29,29,MA,01810,9/19/1988,Female,Married,US Citizen,No,White,7/5/2011,447,9/24/2012,hours,Voluntarily Terminated,Production       ,Production Technician II,Kissy Sullivan,Newspager/Magazine,90-day meets
"Beak, Kimberly  ",1303054329,1,1,0,2,5,4,52,27,MA,02145,4/17/1966,Female,Married,US Citizen,No,White,7/21/2016,493,,N/A - Has not started yet,Future Start,Production       ,Production Technician II,Kelley Spirea,Employee Referral,Exceeds
"Blount, Dianna",1403066125,0,0,0,1,5,2,27,27,MA,02171,9/21/1990,Female,Single,US Citizen,No,White,4/4/2011,2428,,N/A - still employed,Active,Production       ,Production Technician II,Michael Albert,Monster.com,Needs Improvement
"Bondwell, Betsy",1008021030,0,0,0,5,5,0,51,26,MA,02210,1/16/1967,Female,Single,US Citizen,No,White,1/10/2011,1180,4/4/2014,career change,Voluntarily Terminated,Production       ,Production Technician II,Elijiah Gray,Search Engine - Google Bing Yahoo,90-day meets
"Buccheri, Joseph  ",1101023457,0,0,1,1,5,3,34,22,MA,01013,7/28/1983,Male,Single,US Citizen,No,White,9/29/2014,1154,,N/A - still employed,Active,Production       ,Production Technician II,Webster Butler,Word of Mouth,Fully Meets
"Burke, Joelle",1011022820,0,0,0,1,5,3,38,25,MA,02148,3/2/1980,Female,Single,US Citizen,No,Black or African American,3/5/2012,2092,,N/A - still employed,Active,Production       ,Production Technician II,Amy Dunn,Employee Referral,Fully Meets
"Burkett, Benjamin ",1301052449,1,1,1,1,5,3,40,26,MA,01890,8/19/1977,Male,Married,US Citizen,No,White,4/4/2011,2428,,N/A - still employed,Active,Production       ,Production Technician II,Ketsia Liebig,Careerbuilder,Fully Meets
"Cloninger, Jennifer",1012023226,1,1,0,5,5,0,36,25,MA,01752,8/31/1981,Female,Married,US Citizen,No,White,5/16/2011,602,1/7/2013,unhappy,Voluntarily Terminated,Production       ,Production Technician II,Brannon Miller,Word of Mouth,90-day meets
"Close, Phil",1209048697,1,1,1,5,5,3,39,26,MA,02169,11/25/1978,Male,Married,US Citizen,No,White,8/30/2010,392,9/26/2011,career change,Voluntarily Terminated,Production       ,Production Technician II,David Stanley,Other,Fully Meets
"Davis, Daniel",1201031274,0,0,1,1,5,0,38,25,MA,02458,9/14/1979,Male,Single,Eligible NonCitizen,No,Two or more races,11/7/2011,2211,,N/A - still employed,Active,Production       ,Production Technician II,Kissy Sullivan,Newspager/Magazine,90-day meets
"Demita, Carla",1104025179,0,3,0,5,5,3,67,29,MA,02343,2/25/1951,Female,Separated,US Citizen,No,Black or African American,4/4/2011,1675,11/4/2015,more money,Voluntarily Terminated,Production       ,Production Technician II,Kelley Spirea,Search Engine - Google Bing Yahoo,Fully Meets
"Erilus, Angela",1105025661,0,3,0,1,5,1,28,24,MA,02133,8/25/1989,Female,Separated,US Citizen,No,White,7/7/2014,1238,,N/A - still employed,Active,Production       ,Production Technician II,Michael Albert,Pay Per Click - Google,PIP
"Faller, Megan ",1108028428,1,1,0,1,5,3,39,27,MA,01824,9/22/1978,Female,Married,US Citizen,No,Black or African American,7/7/2014,1238,,N/A - still employed,Active,Production       ,Production Technician II,Elijiah Gray,Professional Society,Fully Meets
"Fancett, Nicole",1402065085,0,0,0,1,5,3,30,24,MA,02324,9/27/1987,Female,Single,US Citizen,No,Black or African American,2/17/2014,1378,,N/A - still employed,Active,Production       ,Production Technician II,Webster Butler,Newspager/Magazine,Fully Meets
"Fitzpatrick, Michael  J",1109029103,0,0,1,5,5,3,36,29,MA,02143,10/1/1981,Male,Single,US Citizen,Yes,White,5/16/2011,770,6/24/2013,hours,Voluntarily Terminated,Production       ,Production Technician II,Amy Dunn,Social Networks - Facebook Twitter etc,Fully Meets
"Foreman, Tanya",1012023204,1,1,0,5,5,3,34,24,MA,02170,11/8/1983,Female,Married,US Citizen,No,White,4/4/2011,280,1/9/2012,career change,Voluntarily Terminated,Production       ,Production Technician II,Ketsia Liebig,Word of Mouth,Fully Meets
"Gonzalez, Juan",1411071324,1,1,1,5,5,1,53,29,MA,02128,10/12/1964,Male,Married,US Citizen,No,Black or African American,4/26/2010,399,5/30/2011,career change,Voluntarily Terminated,Production       ,Production Technician II,Brannon Miller,Diversity Job Fair,PIP
"Good, Susan",1001549006,1,1,0,3,5,3,32,24.25,MA,01886,5/25/1986,Female,Married,US Citizen,No,White,5/12/2014,1294,,N/A - still employed,Leave of Absence,Production       ,Production Technician II,David Stanley,Professional Society,Fully Meets
"Gosciminski, Phylicia  ",1108028351,0,3,0,3,5,3,34,27,MA,01824,12/8/1983,Female,Separated,US Citizen,No,American Indian or Alaska Native,9/30/2013,1518,,N/A - still employed,Leave of Absence,Production       ,Production Technician II,Kissy Sullivan,Word of Mouth,Fully Meets
"Hankard, Earnest",1307059937,0,0,1,1,5,3,29,24,MA,02155,8/10/1988,Male,Single,US Citizen,Yes,White,11/11/2013,1476,,N/A - still employed,Active,Production       ,Production Technician II,Kelley Spirea,Newspager/Magazine,Fully Meets
"Hendrickson, Trina",1011022932,0,0,0,5,5,3,45,24,MA,02021,8/27/1972,Female,Single,US Citizen,No,White,1/10/2011,770,2/18/2013,hours,Voluntarily Terminated,Production       ,Production Technician II,Kelley Spirea,Monster.com,Fully Meets
"Homberger, Adrienne  J",1207046956,1,1,0,5,5,3,34,28,MA,02445,2/16/1984,Female,Married,Non-Citizen,No,White,8/15/2011,236,4/7/2012,relocation out of area,Voluntarily Terminated,Production       ,Production Technician II,Michael Albert,Glassdoor,Fully Meets
"Hunts, Julissa",1106026433,0,0,0,2,5,9,34,25,MA,02021,3/11/1984,Female,Single,US Citizen,No,White,6/6/2016,538,,N/A - Has not started yet,Future Start,Production       ,Production Technician II,Elijiah Gray,Vendor Referral,N/A- too early to review
"Hutter, Rosalie",1103024924,0,3,0,2,5,9,26,28,MA,02351,5/7/1992,Female,Separated,US Citizen,No,White,6/5/2015,905,,N/A - Has not started yet,Future Start,Production       ,Production Technician II,Webster Butler,Other,N/A- too early to review
"Huynh, Ming",1306058509,0,2,0,5,5,3,41,23,MA,01742,9/22/1976,Female,Divorced,US Citizen,No,White,2/21/2011,770,4/1/2013,unhappy,Voluntarily Terminated,Production       ,Production Technician II,Amy Dunn,Search Engine - Google Bing Yahoo,Fully Meets
"Jeannite, Tayana",1008020942,0,2,0,1,5,4,31,22.5,MA,01821,11/6/1986,Female,Divorced,US Citizen,No,American Indian or Alaska Native,7/5/2011,2336,,N/A - still employed,Active,Production       ,Production Technician II,Ketsia Liebig,MBTA ads,Exceeds
"Johnston, Yen",1306057810,0,0,0,1,5,5,48,25,MA,02128,9/8/1969,Female,Single,US Citizen,No,White,7/7/2014,1238,,N/A - still employed,Active,Production       ,Production Technician II,Brannon Miller,Professional Society,Exceptional
"Langford, Lindsey",1010022030,0,2,0,5,5,3,38,22,MA,02090,7/25/1979,Female,Divorced,US Citizen,No,Asian,1/7/2013,448,3/31/2014,Another position,Voluntarily Terminated,Production       ,Production Technician II,David Stanley,Glassdoor,Fully Meets
"Latif, Mohammed",1104025486,1,1,1,5,5,3,34,28,MA,02126,5/9/1984,Male,Married,US Citizen,No,White,4/2/2012,378,4/15/2013,more money,Voluntarily Terminated,Production       ,Production Technician II,Kissy Sullivan,Word of Mouth,Fully Meets
"Linden, Mathew",1405067565,1,1,1,3,5,3,39,22,MA,01770,3/19/1979,Male,Married,US Citizen,No,White,7/8/2013,1602,,N/A - still employed,Leave of Absence,Production       ,Production Technician II,Kelley Spirea,Information Session,Fully Meets
"Lundy, Susan",1305056276,0,4,0,5,5,9,41,24,MA,02122,12/26/1976,Female,Widowed,US Citizen,No,White,7/8/2013,69,9/15/2013,more money,Voluntarily Terminated,Production       ,Production Technician II,Michael Albert,On-campus Recruiting,N/A- too early to review
"Lunquist, Lisa",1001504432,0,0,0,1,5,4,36,26.1,MA,02324,3/28/1982,Female,Single,US Citizen,No,Black or African American,8/19/2013,1560,,N/A - still employed,Active,Production       ,Production Technician II,Elijiah Gray,Glassdoor,Exceeds
"Manchester, Robyn",1110029623,1,1,0,2,5,9,41,23,MA,02324,8/25/1976,Female,Married,US Citizen,No,White,5/11/2016,564,,N/A - Has not started yet,Future Start,Production       ,Production Technician II,Webster Butler,Vendor Referral,N/A- too early to review
"Mancuso, Karen",1304055986,1,1,0,5,5,9,31,23,MA,02176,12/10/1986,Female,Married,US Citizen,No,Two or more races,7/5/2011,45,8/19/2011,Another position,Voluntarily Terminated,Production       ,Production Technician II,Amy Dunn,Newspager/Magazine,N/A- too early to review
"McCarthy, Brigit",1406067957,0,0,0,1,5,9,31,26,MA,02149,5/21/1987,Female,Single,US Citizen,No,White,3/30/2015,972,,N/A - still employed,Active,Production       ,Production Technician II,Ketsia Liebig,Newspager/Magazine,N/A- too early to review
"Miller, Ned",1205033439,0,0,1,5,5,1,32,25,MA,02472,6/29/1985,Male,Single,US Citizen,No,White,8/15/2011,1116,9/4/2014,unhappy,Voluntarily Terminated,Production       ,Production Technician II,Brannon Miller,MBTA ads,PIP
"Monkfish, Erasumus",1404066711,1,1,1,1,5,3,25,27,MA,01450,8/17/1992,Male,Married,US Citizen,No,White,11/7/2011,2211,,N/A - still employed,Active,Production       ,Production Technician II,David Stanley,Professional Society,Fully Meets
"Monterro, Luisa",1001103149,0,0,0,1,5,5,48,25,MA,02126,4/24/1970,Female,Single,US Citizen,No,Black or African American,5/13/2013,1658,,N/A - still employed,Active,Production       ,Production Technician II,Kissy Sullivan,Billboard,Exceptional
"Moran, Patrick",1408069503,0,0,1,3,5,3,41,26,MA,02127,12/3/1976,Male,Single,US Citizen,No,Hispanic,1/9/2012,2148,,N/A - still employed,Leave of Absence,Production       ,Production Technician II,Kelley Spirea,Diversity Job Fair,Fully Meets
"Moumanil, Maliki ",1301052436,0,3,1,1,5,3,43,29,MA,01460,12/1/1974,Male,Separated,US Citizen,No,Black or African American,5/13/2013,1658,,N/A - still employed,Active,Production       ,Production Technician II,Michael Albert,On-campus Recruiting,Fully Meets
"Nowlan, Kristie",1104025435,0,0,0,1,5,3,32,26.39,MA,01040,11/23/1985,Female,Single,US Citizen,No,White,11/10/2014,1112,,N/A - still employed,Active,Production       ,Production Technician II,Elijiah Gray,Glassdoor,Fully Meets
"Oliver, Brooke ",1001856521,1,1,0,5,5,0,66,25,MA,02492,2/11/1952,Female,Married,US Citizen,No,Asian,5/14/2012,462,8/19/2013,unhappy,Voluntarily Terminated,Production       ,Production Technician II,Webster Butler,Newspager/Magazine,90-day meets
"Pelletier, Ermine",1202031821,1,1,0,5,5,9,28,28,MA,02472,7/18/1989,Female,Married,US Citizen,No,Asian,7/5/2011,72,9/15/2011,unhappy,Voluntarily Terminated,Production       ,Production Technician II,Amy Dunn,Monster.com,N/A- too early to review
"Peters, Lauren",1411071406,1,1,0,5,5,4,31,29,MA,01886,8/17/1986,Female,Married,US Citizen,No,White,5/16/2011,264,2/4/2012,more money,Voluntarily Terminated,Production       ,Production Technician II,Ketsia Liebig,Pay Per Click - Google,Exceeds
"Petingill, Shana  ",1103024843,1,1,0,1,5,3,39,26,MA,02050,3/10/1979,Female,Married,Eligible NonCitizen,No,Asian,4/2/2012,2064,,N/A - still employed,Active,Production       ,Production Technician II,Brannon Miller,MBTA ads,Fully Meets
"Roberson, May",1402065340,0,2,0,5,5,9,36,26,MA,01902,9/5/1981,Female,Divorced,Eligible NonCitizen,No,White,9/26/2011,26,10/22/2011,return to school,Voluntarily Terminated,Production       ,Production Technician II,David Stanley,Search Engine - Google Bing Yahoo,N/A- too early to review
"Robertson, Peter",1499902991,1,1,1,5,5,3,45,22,MA,02138,7/3/1972,Male,Married,US Citizen,No,White,7/5/2011,218,2/8/2012,Another position,Voluntarily Terminated,Production       ,Production Technician II,Kissy Sullivan,Glassdoor,Fully Meets
"Sahoo, Adil",1106026462,1,1,1,1,5,3,32,29,MA,02062,4/26/1986,Male,Married,US Citizen,No,White,8/30/2010,2645,,N/A - still employed,Active,Production       ,Production Technician II,Kelley Spirea,Monster.com,Fully Meets
"Sloan, Constance",1012023103,0,0,0,5,5,3,30,23,MA,01851,11/25/1987,Female,Single,US Citizen,No,White,10/26/2009,1990,4/8/2015,maternity leave - did not return,Voluntarily Terminated,Production       ,Production Technician II,Michael Albert,Monster.com,Fully Meets
"Smith, Joe",1001970770,0,0,1,1,5,4,54,22,MA,02045,10/30/1963,Male,Single,US Citizen,No,White,9/29/2014,1154,,N/A - still employed,Active,Production       ,Production Technician II,Elijiah Gray,Pay Per Click - Google,Exceeds
"Tejeda, Lenora ",1406068345,1,1,0,5,5,3,65,28.75,MA,02129,5/24/1953,Female,Married,US Citizen,No,White,5/16/2011,419,7/8/2012,Another position,Voluntarily Terminated,Production       ,Production Technician II,Elijiah Gray,Search Engine - Google Bing Yahoo,Fully Meets
"Thibaud, Kenneth",1011022777,0,4,1,5,5,3,42,23,MA,02472,9/16/1975,Male,Widowed,US Citizen,No,White,6/25/2007,1162,8/30/2010,military,Voluntarily Terminated,Production       ,Production Technician II,Webster Butler,Pay Per Click - Google,Fully Meets
"Trzeciak, Cybil",1107027551,0,0,0,5,5,3,33,22,MA,01778,3/15/1985,Female,Single,US Citizen,No,White,1/10/2011,539,7/2/2012,unhappy,Voluntarily Terminated,Production       ,Production Technician II,Amy Dunn,Vendor Referral,Fully Meets
"Walker, Roger",1011022818,0,0,1,1,5,3,42,22,MA,02459,2/10/1976,Male,Single,US Citizen,No,Black or African American,8/18/2014,1196,,N/A - still employed,Active,Production       ,Production Technician II,Ketsia Liebig,Employee Referral,Fully Meets
"Winthrop, Jordan  ",1405067188,0,0,1,5,5,4,59,29,MA,02045,11/7/1958,Male,Single,US Citizen,No,White,1/7/2013,1140,2/21/2016,retiring,Voluntarily Terminated,Production       ,Production Technician II,Brannon Miller,Professional Society,Exceeds
"Wolk, Hang  T",1205033180,0,0,0,1,5,3,33,22,MA,02302,4/20/1985,Female,Single,US Citizen,No,White,9/29/2014,1154,,N/A - still employed,Active,Production       ,Production Technician II,David Stanley,Newspager/Magazine,Fully Meets
"Woodson, Jason",1012023010,0,0,1,1,5,3,33,24.25,MA,01810,5/11/1985,Male,Single,US Citizen,No,White,7/7/2014,1238,,N/A - still employed,Active,Production       ,Production Technician II,Kissy Sullivan,Vendor Referral,Fully Meets
"Buck, Edward",1504073313,1,1,1,1,6,3,42,55,MA,02330,7/7/1975,Male,Married,US Citizen,No,White,9/29/2014,1154,,N/A - still employed,Active,Sales,Area Sales Manager,Lynn Daneault,Employee Referral,Fully Meets
"Bunbury, Jessica",1504073368,1,1,0,5,6,3,54,55,VA,21851,6/1/1964,Female,Married,Eligible NonCitizen,No,Black or African American,8/15/2011,1083,8/2/2014,Another position,Voluntarily Terminated,Sales,Area Sales Manager,John Smith,Social Networks - Facebook Twitter etc,Fully Meets
"Carter, Michelle ",1403065721,0,0,0,1,6,3,55,55,VT,05664,5/15/1963,Female,Single,US Citizen,No,White,8/18/2014,1196,,N/A - still employed,Active,Sales,Area Sales Manager,John Smith,Billboard,Fully Meets
"Costa, Latia",1409070567,0,0,0,1,6,4,29,55,CA,90007,11/8/1988,Female,Single,US Citizen,No,White,1/10/2011,2512,,N/A - still employed,Active,Sales,Area Sales Manager,Lynn Daneault,Other,Exceeds
"Dietrich, Jenna  ",1408069481,0,0,0,1,6,1,31,55,WA,98052,5/14/1987,Female,Single,US Citizen,Yes,White,2/20/2012,2106,,N/A - still employed,Active,Sales,Area Sales Manager,John Smith,Website Banner Ads,PIP
"Digitale, Alfred",1306059197,1,1,1,1,6,3,29,56,NH,03062,9/14/1988,Male,Married,US Citizen,No,American Indian or Alaska Native,8/18/2014,1196,,N/A - still employed,Active,Sales,Area Sales Manager,John Smith,Pay Per Click - Google,Fully Meets
"Fraval, Maruk ",1411071302,0,0,1,1,6,3,54,55,CT,06050,8/28/1963,Male,Single,US Citizen,No,Black or African American,9/6/2011,2273,,N/A - still employed,Active,Sales,Area Sales Manager,Lynn Daneault,Monster.com,Fully Meets
"Friedman, Gerry",1204032843,0,0,1,1,6,3,49,55.5,NY,10171,2/24/1969,Male,Single,US Citizen,Yes,Two or more races,3/7/2011,2456,,N/A - still employed,Active,Sales,Area Sales Manager,John Smith,Diversity Job Fair,Fully Meets
"Gill, Whitney  ",1302053046,0,4,0,4,6,3,46,55,OH,43050,7/10/1971,Female,Widowed,US Citizen,No,Black or African American,7/7/2014,425,9/5/2015,attendance,Terminated for Cause,Sales,Area Sales Manager,John Smith,Monster.com,Fully Meets
"Givens, Myriam",1203032099,0,0,0,1,6,0,28,55,IN,46204,9/22/1989,Female,Single,US Citizen,No,White,2/16/2015,1014,,N/A - still employed,Active,Sales,Area Sales Manager,Lynn Daneault,Pay Per Click - Google,90-day meets
"Gonzales, Ricardo",1411071481,1,1,1,1,6,3,63,55.5,ID,83706,10/12/1954,Male,Married,US Citizen,No,White,5/12/2014,1294,,N/A - still employed,Active,Sales,Area Sales Manager,John Smith,Monster.com,Fully Meets
"Guilianno, Mike",1001167253,0,0,1,5,6,3,49,55,TN,37129,2/9/1969,Male,Single,US Citizen,No,Two or more races,3/7/2011,1334,10/31/2014,relocation out of area,Voluntarily Terminated,Sales,Area Sales Manager,John Smith,Newspager/Magazine,Fully Meets
Jeremy Prater,1001084890,1,1,1,1,6,1,44,56,NV,89139,5/9/1974,Male,Married,US Citizen,No,White,5/12/2014,1294,,N/A - still employed,Active,Sales,Area Sales Manager,Lynn Daneault,Website Banner Ads,PIP
"Khemmich, Bartholemew",1104025008,0,0,1,1,6,3,38,55,CO,80820,11/27/1979,Male,Single,US Citizen,No,White,8/19/2013,1560,,N/A - still employed,Active,Sales,Area Sales Manager,Lynn Daneault,Pay Per Click - Google,Fully Meets
"Leruth, Giovanni",1412071660,0,3,1,1,6,3,29,55,UT,84111,12/27/1988,Male,Separated,US Citizen,No,Black or African American,4/30/2012,2036,,N/A - still employed,Active,Sales,Area Sales Manager,John Smith,Website Banner Ads,Fully Meets
"Martins, Joseph",1209048771,0,0,1,1,6,3,47,56,TX,78207,6/11/1970,Male,Single,Eligible NonCitizen,No,Black or African American,5/14/2012,2022,,N/A - still employed,Active,Sales,Area Sales Manager,Lynn Daneault,Employee Referral,Fully Meets
"McKinzie, Jac",1209049326,1,1,1,2,6,9,33,55,TX,78789,7/1/1984,Male,Married,US Citizen,No,Two or more races,7/6/2016,508,,N/A - Has not started yet,Future Start,Sales,Area Sales Manager,Lynn Daneault,Website Banner Ads,N/A- too early to review
"Mullaney, Howard",1306057978,0,0,1,1,6,2,42,55,AL,36006,11/2/1975,Male,Single,US Citizen,No,Two or more races,9/29/2014,1154,,N/A - still employed,Active,Sales,Area Sales Manager,John Smith,Internet Search,Needs Improvement
"Nguyen, Dheepa",1111030684,0,0,0,1,6,3,29,55,GA,30428,3/31/1989,Female,Single,US Citizen,No,Two or more races,7/8/2013,1602,,N/A - still employed,Active,Sales,Area Sales Manager,Lynn Daneault,Pay Per Click - Google,Fully Meets
"Onque, Jasmine",1501072180,0,0,0,1,6,3,28,57,FL,33174,5/11/1990,Female,Single,US Citizen,Yes,White,9/30/2013,1518,,N/A - still employed,Active,Sales,Area Sales Manager,Lynn Daneault,Pay Per Click - Google,Fully Meets
"Ozark, Travis",812011761,0,0,1,1,6,0,36,55,NC,27229,5/19/1982,Male,Single,US Citizen,No,White,1/5/2015,1056,,N/A - still employed,Active,Sales,Area Sales Manager,John Smith,Website Banner Ads,90-day meets
"Potts, Xana",1102024106,1,1,0,1,6,3,29,55,KY,40220,8/29/1988,Female,Married,US Citizen,No,Black or African American,1/9/2012,2148,,N/A - still employed,Active,Sales,Area Sales Manager,Lynn Daneault,Website Banner Ads,Fully Meets
"Riordan, Michael",1502072711,0,3,1,1,6,4,50,55,ND,58782,1/15/1968,Male,Separated,US Citizen,No,White,1/9/2006,4339,,N/A - still employed,Active,Sales,Area Sales Manager,Lynn Daneault,Billboard,Exceeds
"Strong, Caitrin",1411071295,1,1,0,1,6,3,29,54,MT,59102,5/12/1989,Female,Married,US Citizen,No,Black or African American,9/27/2010,2617,,N/A - still employed,Active,Sales,Area Sales Manager,John Smith,Professional Society,Fully Meets
"Terry, Sharlene ",1401064637,0,0,0,1,6,3,53,55,OR,97756,5/7/1965,Female,Single,US Citizen,No,Black or African American,9/29/2014,1154,,N/A - still employed,Active,Sales,Area Sales Manager,Lynn Daneault,Monster.com,Fully Meets
"Valentin,Jackie",1312063714,1,1,0,1,6,3,27,55,AZ,85006,5/23/1991,Female,Married,US Citizen,No,Two or more races,7/5/2011,2336,,N/A - still employed,Active,Sales,Area Sales Manager,John Smith,Other,Fully Meets
"Villanueva, Noah",1111030503,0,0,1,1,6,3,28,56,ME,04063,7/11/1989,Male,Single,US Citizen,No,Asian,3/5/2012,2092,,N/A - still employed,Active,Sales,Area Sales Manager,John Smith,Website Banner Ads,Fully Meets
"Houlihan, Debra",1009021646,1,1,0,1,6,3,52,60,RI,02908,3/17/1966,Female,Married,US Citizen,No,White,5/5/2014,1301,,N/A - still employed,Active,Sales,Director of Sales,Janet King,MBTA ads,Fully Meets
"Daneault, Lynn",1402065303,0,0,0,1,6,3,28,54,VT,05473,4/19/1990,Female,Single,US Citizen,No,White,5/5/2014,1301,,N/A - still employed,Active,Sales,Sales Manager,Debra Houlihan,Pay Per Click - Google,Fully Meets
"Kampew, Donysha",1109029264,0,0,0,5,6,3,28,60.25,PA,19444,11/11/1989,Female,Single,US Citizen,No,White,11/7/2011,899,4/24/2014,maternity leave - did not return,Voluntarily Terminated,Sales,Sales Manager,Debra Houlihan,Social Networks - Facebook Twitter etc,Fully Meets
"Smith, John",1499902910,0,2,1,1,6,2,33,56,MA,01886,8/16/1984,Male,Divorced,US Citizen,No,Black or African American,5/18/2014,1288,,N/A - still employed,Active,Sales,Sales Manager,Debra Houlihan,Diversity Job Fair,Needs Improvement
"Andreola, Colby",1107027358,0,0,0,1,4,3,39,47.6,MA,02110,5/24/1979,Female,Single,US Citizen,No,White,11/10/2014,1112,,N/A - still employed,Active,Software Engineering,Software Engineer,Alex Sweetwater,Vendor Referral,Fully Meets
"Carabbio, Judith",1101023577,0,0,0,1,4,0,31,56,MA,02132,4/5/1987,Female,Single,US Citizen,No,White,11/11/2013,1476,,N/A - still employed,Active,Software Engineering,Software Engineer,Alex Sweetwater,Pay Per Click - Google,90-day meets
"Del Bosque, Keyla",1203032498,0,0,0,1,4,0,38,57.12,MA,02176,7/5/1979,Female,Single,US Citizen,No,Black or African American,1/9/2012,2148,,N/A - still employed,Active,Software Engineering,Software Engineer,Alex Sweetwater,Monster.com,90-day meets
"Exantus, Susan",1401064670,1,1,0,4,4,2,31,48.5,MA,01749,5/15/1987,Female,Married,US Citizen,No,Black or African American,5/2/2011,765,6/5/2013,attendance,Terminated for Cause,Software Engineering,Software Engineer,Alex Sweetwater,Billboard,Needs Improvement
"Martin, Sandra",1303054625,0,0,0,1,4,3,30,55.51,MA,02135,11/7/1987,Female,Single,US Citizen,No,Asian,11/11/2013,1476,,N/A - still employed,Active,Software Engineering,Software Engineer,Alex Sweetwater,Search Engine - Google Bing Yahoo,Fully Meets
"Patronick, Luke",1112030979,0,0,1,5,4,4,39,52.25,MA,01844,2/20/1979,Male,Single,US Citizen,No,Asian,11/7/2011,1400,9/7/2015,Another position,Voluntarily Terminated,Software Engineering,Software Engineer,Alex Sweetwater,Diversity Job Fair,Exceeds
"Saada, Adell",1012023185,1,1,0,1,4,3,31,49.25,MA,02132,7/24/1986,Female,Married,US Citizen,No,White,11/5/2012,1847,,N/A - still employed,Active,Software Engineering,Software Engineer,Alex Sweetwater,Pay Per Click - Google,Fully Meets
"Szabo, Andrew",1201031324,0,0,1,1,4,5,35,48,MA,02140,5/6/1983,Male,Single,US Citizen,No,White,7/7/2014,1238,,N/A - still employed,Active,Software Engineering,Software Engineer,Alex Sweetwater,MBTA ads,Exceptional
"True, Edward",1102024057,0,0,1,5,4,3,34,45.42,MA,02451,6/14/1983,Male,Single,Non-Citizen,No,Black or African American,2/18/2013,421,4/15/2014,medical issues,Voluntarily Terminated,Software Engineering,Software Engineer,Alex Sweetwater,Diversity Job Fair,Fully Meets
"Sweetwater, Alex",1001644719,0,0,1,1,4,3,51,27,MA,02184,11/22/1966,Male,Single,US Citizen,No,White,8/15/2011,2295,,N/A - still employed,Active,Software Engineering,Software Engineering Manager,Jennifer Zamora,Search Engine - Google Bing Yahoo,Fully Meets
"Champaigne, Brian",1009919920,1,1,1,1,3,3,46,63.5,MA,02045,2/9/1972,Male,Married,US Citizen,No,White,9/6/2016,446,,N/A - still employed,Active,IT/IS,BI Director,Jennifer Zamora,Professional Society,Fully Meets
"Le, Binh",1009919930,0,0,0,1,3,3,30,50.25,MA,01886,6/14/1987,Female,Single,US Citizen,No,Asian,10/2/2016,420,,N/A - still employed,Active,IT/IS,Senior BI Developer,Brian Champaigne,Indeed,Fully Meets
"Rachael, Maggie",1009919940,1,1,0,1,3,3,38,45,MA,02110,5/12/1980,Female,Married,US Citizen,No,Black or African American,10/2/2016,420,,N/A - still employed,Active,IT/IS,BI Developer,Brian Champaigne,Indeed,Fully Meets
"Roper, Katie",1009919950,0,0,0,1,3,3,45,55,MA,02056,11/21/1972,Female,Single,US Citizen,No,Black or African American,1/7/2017,323,,N/A - still employed,Active,IT/IS,Data Architect,Brian Champaigne,Indeed,Fully Meets
"Navathe, Kurt",1009919960,0,0,1,1,3,3,48,52.25,MA,02056,4/25/1970,Male,Single,US Citizen,No,Asian,2/10/2017,289,,N/A - still employed,Active,IT/IS,Senior BI Developer,Brian Champaigne,Indeed,Fully Meets
"Wang, Charlie",1009919970,0,0,1,1,3,3,36,51,MA,01887,7/8/1981,Male,Single,US Citizen,No,Asian,2/15/2017,284,,N/A - still employed,Active,IT/IS,Senior BI Developer,Brian Champaigne,Indeed,Fully Meets
"Smith, Jason",1009919980,0,0,1,1,3,3,34,46,MA,02045,9/4/1983,Male,Single,US Citizen,No,White,2/15/2017,284,,N/A - still employed,Active,IT/IS,BI Developer,Brian Champaigne,Indeed,Fully Meets
"Westinghouse, Matthew",1009919990,1,1,1,1,3,3,30,45,MA,02134,10/24/1987,Male,Married,US Citizen,No,White,4/20/2017,220,,N/A - still employed,Active,IT/IS,BI Developer,Brian Champaigne,Indeed,Fully Meets
"Hubert, Robert",1009920000,1,1,1,1,3,3,28,45,MA,02134,6/30/1989,Male,Married,US Citizen,No,Black or African American,4/20/2017,220,,N/A - still employed,Active,IT/IS,BI Developer,Brian Champaigne,Indeed,Fully Meets
